Year,Revenue Type,Transit Agency,Nominal,Constant
1989,Fares,Community Transit,3265999.9982823757,7472607.996070075
1990,Fares,Community Transit,3535000.000258805,7617925.000557724
1991,Fares,Community Transit,4330999.997676858,8731295.995316545
1992,Fares,Community Transit,4816999.997869696,9359430.995860819
1993,Fares,Community Transit,5207000.002091256,9846437.003954565
1994,Fares,Community Transit,5289999.9988974035,9685989.997981146
1995,Fares,Community Transit,5699281.998192936,10110526.26479427
1996,Fares,Community Transit,6036199.997803858,10394336.396218242
1997,Fares,Community Transit,7249276.99824586,12026550.540089883
1998,Fares,Community Transit,8175528.998745234,13178952.745977318
1999,Fares,Community Transit,9404980.003345499,14681173.785222324
2000,Fares,Community Transit,11250999.99741216,16966507.99609754
2001,Fares,Community Transit,10849999.999412304,15765049.999146078
2002,Fares,Community Transit,11360000.001170184,16165280.001665173
2003,Fares,Community Transit,10869999.999548705,15239739.999367284
2004,Fares,Community Transit,13519999.998925503,18671119.99851612
2005,Fares,Community Transit,14880000.00451611,19968960.00606062
2006,Fares,Community Transit,16155999.998143824,20922019.99759625
2007,Fares,Community Transit,18822999.99861778,23491103.99827499
2008,Fares,Community Transit,17640000.00251767,21044520.003003582
2009,Fares,Community Transit,17817999.997348096,21167783.996849537
2010,Fares,Community Transit,19265999.999626018,22907273.99955534
2011,Fares,Community Transit,18810000.0044769,21800790.00518873
2012,Fares,Community Transit,17629999.99610766,19869009.995613333
2013,Fares,Community Transit,19330000.002665956,21514290.00296721
2014,Fares,Community Transit,19770000.00448858,21529530.00488806
2015,Fares,Community Transit,20799000.00047975,22421322.00051717
2016,Fares,Community Transit,21892999.99512765,23119007.9948548
2017,Fares,Community Transit,21843999.99999609,22368255.999995995
2018,Fares,Community Transit,22399000.002965655,22399000.002965655
2019,Fares,Community Transit,22851669.86877379,22417488.141267087
2020,Fares,Community Transit,23313448.577026002,22450850.979676038
2021,Fares,Community Transit,27193772.886497017,25888471.78794516
2022,Fares,Community Transit,27646524.570440024,26043026.145354502
2023,Fares,Community Transit,28106819.086532228,26279875.845907636
2024,Fares,Community Transit,32784917.14953506,30391618.197619002
2025,Fares,Community Transit,33330755.490663875,30630964.295920104
2026,Fares,Community Transit,33831602.57215619,30786758.340662133
2027,Fares,Community Transit,39399503.30457018,35498952.47741774
2028,Fares,Community Transit,39991489.97543507,35712400.54806352
2029,Fares,Community Transit,40592389.04540663,35843079.52709406
2030,Fares,Community Transit,47272877.988581374,41221949.60604296
2031,Fares,Community Transit,47866301.5946143,41117153.06977368
2032,Fares,Community Transit,48467068.36311345,41003139.83519398
2033,Fares,Community Transit,56306083.06773579,46790355.02928844
2034,Fares,Community Transit,57012845.08969364,46522481.59319001
2035,Fares,Community Transit,57728425.889109075,46125012.285398155
2036,Fares,Community Transit,66992004.462155186,52387747.48940536
2037,Fares,Community Transit,67758631.95404497,51767594.81289036
2038,Fares,Community Transit,68534022.45167518,51126380.748949684
2039,Fares,Community Transit,79531515.73280947,57819411.937752485
2040,Fares,Community Transit,80441569.13822307,57033072.51900015
2041,Fares,Community Transit,81318350.65945241,56190980.30568161
2042,Fares,Community Transit,94316576.6035797,63475056.05420914
2043,Fares,Community Transit,95344541.11744735,62450674.431928016
2044,Fares,Community Transit,96383803.25149284,61396482.67120094
2045,Fares,Community Transit,111789913.8459395,69421536.49832843
2046,Fares,Community Transit,112908072.22795297,68309383.69791155
2047,Fares,Community Transit,114037419.01598543,67282077.2194314
2048,Fares,Community Transit,132147929.09021421,76381503.01414381
2049,Fares,Community Transit,133469657.29120041,75410356.36952823
2050,Fares,Community Transit,134804535.45889074,74681712.64422548
1989,Fares,Everett Transit,278000.000201168,636064.0004602723
1990,Fares,Everett Transit,303999.999711666,655119.9993786402
1991,Fares,Everett Transit,335999.999733168,677375.9994620667
1992,Fares,Everett Transit,356999.99944039196,693650.9989126816
1993,Fares,Everett Transit,438000.00017482496,828258.000330594
1994,Fares,Everett Transit,401000.00058742,734231.001075566
1995,Fares,Everett Transit,549979.0007779261,975662.7473800408
1996,Fares,Everett Transit,611900.000049042,1053691.8000844503
1997,Fares,Everett Transit,706327.000731772,1171796.49421401
1998,Fares,Everett Transit,749761.00023459,1208614.7323781592
1999,Fares,Everett Transit,705711.999947346,1101616.431917807
2000,Fares,Everett Transit,791000.000165325,1192828.0002493102
2001,Fares,Everett Transit,809999.999727954,1176929.9996047174
2002,Fares,Everett Transit,810000.00037284,1152630.0005305514
2003,Fares,Everett Transit,1019999.99942939,1430039.9992000046
2004,Fares,Everett Transit,1089999.99990779,1505289.999872658
2005,Fares,Everett Transit,1069999.9997034601,1435939.9996020435
2006,Fares,Everett Transit,1076000.00001706,1393420.0000220926
2007,Fares,Everett Transit,1095000.00020532,1366560.0002562394
2008,Fares,Everett Transit,1131999.9998024001,1350475.9997642634
2009,Fares,Everett Transit,1122999.999618954,1334123.9995473174
2010,Fares,Everett Transit,1311000.00048108,1558779.0005720041
2011,Fares,Everett Transit,1289999.999874498,1495109.9998545432
2012,Fares,Everett Transit,1319999.999381889,1487639.9993033889
2013,Fares,Everett Transit,1610000.0001207,1791930.000134339
2014,Fares,Everett Transit,1559999.253412405,1698839.186966109
2015,Fares,Everett Transit,1514999.9993203322,1633169.9992673183
2016,Fares,Everett Transit,1391999.327453487,1469951.2897908825
2017,Fares,Everett Transit,1310000.0005297652,1341440.0005424796
2018,Fares,Everett Transit,1223999.999875213,1223999.999875213
2019,Fares,Everett Transit,1255024.695983375,1231179.2267596908
2020,Fares,Everett Transit,1286834.8274360476,1239221.938820914
2021,Fares,Everett Transit,1317399.482842425,1254164.3076659883
2022,Fares,Everett Transit,1670961.8966850173,1574046.106677286
2023,Fares,Everett Transit,1710651.0473022081,1599458.7292275648
2024,Fares,Everett Transit,1751271.6070582264,1623428.779742976
2025,Fares,Everett Transit,1792865.280839885,1647643.1930918542
2026,Fares,Everett Transit,2267288.8764412827,2063232.8775615674
2027,Fares,Everett Transit,2314239.875204416,2085130.127559179
2028,Fares,Everett Transit,2362172.6079842406,2109420.138929927
2029,Fares,Everett Transit,2411104.2981845574,2129005.095296964
2030,Fares,Everett Transit,3049095.8168518897,2658811.552294848
2031,Fares,Everett Transit,3100842.6787927384,2663623.8610829622
2032,Fares,Everett Transit,3153443.0972192087,2667812.8602474504
2033,Fares,Everett Transit,3206961.088867722,2664984.664849077
2034,Fares,Everett Transit,4040649.964024974,3297170.3706443785
2035,Fares,Everett Transit,4109203.219519208,3283253.3723958475
2036,Fares,Everett Transit,4171252.77240967,3261919.668024362
2037,Fares,Everett Transit,4234201.211025856,3234929.7252237545
2038,Fares,Everett Transit,5325159.509193866,3972568.993858624
2039,Fares,Everett Transit,5405540.511411684,3929827.9517962937
2040,Fares,Everett Transit,5487100.69703612,3890354.394198609
2041,Fares,Everett Transit,5564500.985642763,3845070.181079149
2042,Fares,Everett Transit,6991364.924198989,4705188.59398592
2043,Fares,Everett Transit,7089978.889799956,4643936.172818972
2044,Fares,Everett Transit,7190013.221160609,4580038.421879308
2045,Fares,Everett Transit,7291386.754523251,4527951.174558939
2046,Fares,Everett Transit,9151155.160638666,5536448.872186393
2047,Fares,Everett Transit,9270114.948725294,5469367.819747923
2048,Fares,Everett Transit,9390683.660403965,5427815.155713491
2049,Fares,Everett Transit,9512760.737950176,5374709.816941849
2050,Fares,Everett Transit,11939062.25978244,6614240.491919472
1989,Fares,King County Metro,36735999.98196854,84051967.958744
1990,Fares,King County Metro,41036000.021358155,88432580.04602681
1991,Fares,King County Metro,48251999.99240432,97276031.9846871
1992,Fares,King County Metro,51167000.02823557,99417481.05486171
1993,Fares,King County Metro,55718999.99512831,105364628.99078764
1994,Fares,King County Metro,54329000.004995584,99476399.00914691
1995,Fares,King County Metro,55036999.997965,97635637.99638991
1996,Fares,King County Metro,55713299.988060005,95938302.57943933
1997,Fares,King County Metro,56819800.0234221,94264048.23885727
1998,Fares,King County Metro,62318624.04058211,100457621.95341837
1999,Fares,King County Metro,65797134.025540195,102709326.21386825
2000,Fares,King County Metro,69077999.99409254,104169623.99109155
2001,Fares,King County Metro,73230000.04438965,106403190.06449817
2002,Fares,King County Metro,75909999.97141929,108019929.95932965
2003,Fares,King County Metro,71110000.01691131,99696220.02370965
2004,Fares,King County Metro,79430000.00978868,109692830.01351817
2005,Fares,King County Metro,78493999.97974905,105338947.97282323
2006,Fares,King County Metro,79943999.95864232,103527479.9464418
2007,Fares,King County Metro,87465999.97925012,109157567.97410415
2008,Fares,King County Metro,110661999.9626455,132019765.9554361
2009,Fares,King County Metro,122861999.96674325,145960055.96049097
2010,Fares,King County Metro,129562000.01736648,154049218.02064875
2011,Fares,King County Metro,139669999.95331872,161877529.9458964
2012,Fares,King County Metro,153429999.96726722,172915609.96311015
2013,Fares,King County Metro,159509999.94191304,177534629.9353492
2014,Fares,King County Metro,169599999.95275083,184694399.94854566
2015,Fares,King County Metro,168374000.01700458,181507172.01833096
2016,Fares,King County Metro,173043000.05077475,182733408.05361813
2017,Fares,King County Metro,173703999.98104584,177872895.98059094
2018,Fares,King County Metro,175944000.00371563,175944000.00371563
2019,Fares,King County Metro,176644016.4478908,173287780.13538086
2020,Fares,King County Metro,177346764.19331703,170784933.91816428
2021,Fares,King County Metro,202166134.3878437,192462159.9372272
2022,Fares,King County Metro,204752988.5567665,192877315.22047403
2023,Fares,King County Metro,207372845.23431066,193893610.29408047
2024,Fares,King County Metro,236394285.52436128,219137502.68108293
2025,Fares,King County Metro,239418975.7894589,220026038.75051275
2026,Fares,King County Metro,242214888.29755172,220415548.35077208
2027,Fares,King County Metro,275807564.3510684,248502615.48031262
2028,Fares,King County Metro,279028375.93529904,249172339.71022204
2029,Fares,King County Metro,282286758.691008,249259207.92416003
2030,Fares,King County Metro,321436980.04108024,280293046.595822
2031,Fares,King County Metro,324639143.02138495,278865023.8553697
2032,Fares,King County Metro,327873279.9284568,277380794.81947446
2033,Fares,King County Metro,372712893.321826,309724414.3504374
2034,Fares,King County Metro,376425766.3087363,307163425.3079288
2035,Fares,King County Metro,380175643.22794014,303760338.93912417
2036,Fares,King County Metro,431820555.24109083,337683674.19853306
2037,Fares,King County Metro,435771554.67724115,332929467.7734122
2038,Fares,King County Metro,439758813.80230534,328060075.09651977
2039,Fares,King County Metro,499497605.5701776,363134759.2495191
2040,Fares,King County Metro,504067809.98777735,357384077.2813341
2041,Fares,King County Metro,508514843.16805637,351383756.6291269
2042,Fares,King County Metro,577406258.3491743,388594411.8689943
2043,Fares,King County Metro,582500161.3518655,381537605.68547195
2044,Fares,King County Metro,587638965.5224658,374326021.03781074
2045,Fares,King County Metro,667249887.094368,414362179.88560253
2046,Fares,King County Metro,672815626.4256812,407053453.98753715
2047,Fares,King County Metro,678427711.9837471,400272350.0704108
2048,Fares,King County Metro,769970956.5553746,445043212.8890065
2049,Fares,King County Metro,776393521.7014192,438662339.7613018
2050,Fares,King County Metro,782869300.2152712,433709592.3192603
1989,Fares,Kitsap Transit,740999.999161548,1695407.9980816217
1990,Fares,Kitsap Transit,781000.000211898,1683055.00045664
1991,Fares,Kitsap Transit,1252999.9984836,2526047.996942938
1992,Fares,Kitsap Transit,1397000.00092236,2714371.0017921454
1993,Fares,Kitsap Transit,1176999.999837965,2225706.9996935916
1994,Fares,Kitsap Transit,1196999.998039656,2191706.99641061
1995,Fares,Kitsap Transit,1416127.999903312,2512211.071828475
1996,Fares,Kitsap Transit,2032900.0011599858,3500653.8019974953
1997,Fares,Kitsap Transit,1704803.9990768922,2828269.834468564
1998,Fares,Kitsap Transit,1718579.999876416,2770350.959800783
1999,Fares,Kitsap Transit,1486572.9988163249,2320540.451152283
2000,Fares,Kitsap Transit,2793999.998305464,4213351.99744464
2001,Fares,Kitsap Transit,2109999.9992228732,3065829.998870835
2002,Fares,Kitsap Transit,1850000.000696616,2632550.000991285
2003,Fares,Kitsap Transit,1979999.9988834648,2775959.9984346176
2004,Fares,Kitsap Transit,2409999.999146064,3328209.998820714
2005,Fares,Kitsap Transit,2619000.0020984,3514698.002816053
2006,Fares,Kitsap Transit,3736999.998324882,4839414.997830722
2007,Fares,Kitsap Transit,3896999.9993939428,4863455.99924364
2008,Fares,Kitsap Transit,4684000.001202112,5588012.00143412
2009,Fares,Kitsap Transit,6395000.001854211,7597260.002202802
2010,Fares,Kitsap Transit,7953999.999446328,9457305.999341683
2011,Fares,Kitsap Transit,7919999.999397983,9179279.999302262
2012,Fares,Kitsap Transit,7179999.999430692,8091859.9993583895
2013,Fares,Kitsap Transit,6810000.001353822,7579530.001506804
2014,Fares,Kitsap Transit,6729999.999923173,7328969.999916336
2015,Fares,Kitsap Transit,6671000.000038373,7191338.000041367
2016,Fares,Kitsap Transit,5436000.001256431,5740416.001326792
2017,Fares,Kitsap Transit,5795999.998308392,5935103.998267794
2018,Fares,Kitsap Transit,6584000.0008154595,6584000.0008154595
2019,Fares,Kitsap Transit,6661152.666552264,6534590.765887771
2020,Fares,Kitsap Transit,6739171.929789913,6489822.568387686
2021,Fares,Kitsap Transit,6818287.183984508,6491009.399153251
2022,Fares,Kitsap Transit,6898320.012003525,6498217.45130732
2023,Fares,Kitsap Transit,6979270.413846966,6525617.836946913
2024,Fares,Kitsap Transit,8789010.076461228,8147412.340879559
2025,Fares,Kitsap Transit,8892147.811207276,8171883.838499486
2026,Fares,Kitsap Transit,8987608.113837497,8178723.383592123
2027,Fares,Kitsap Transit,9084083.61410287,8184759.3363066865
2028,Fares,Kitsap Transit,9181574.312003395,8199145.860619032
2029,Fares,Kitsap Transit,9280143.657391265,8194366.849476487
2030,Fares,Kitsap Transit,11674878.182242377,10180493.774915352
2031,Fares,Kitsap Transit,11782442.89609564,10121118.447746154
2032,Fares,Kitsap Transit,11890994.804459305,10059781.604572572
2033,Fares,Kitsap Transit,12000533.907333368,9972443.67699403
2034,Fares,Kitsap Transit,12111060.204717835,9882625.127049753
2035,Fares,Kitsap Transit,12222613.184393117,9765867.934330102
2036,Fares,Kitsap Transit,15342759.243135793,11998037.72813219
2037,Fares,Kitsap Transit,15473203.735020695,11821527.65355581
2038,Fares,Kitsap Transit,15604778.680301735,11641164.895505095
2039,Fares,Kitsap Transit,15737434.928831253,11441115.193260321
2040,Fares,Kitsap Transit,15871221.630756915,11252696.136206651
2041,Fares,Kitsap Transit,16001420.371903526,11056981.476985335
2042,Fares,Kitsap Transit,20080252.656210043,13514010.03762936
2043,Fares,Kitsap Transit,20244940.6679289,13260436.13749343
2044,Fares,Kitsap Transit,20411035.74661267,13001829.770592272
2045,Fares,Kitsap Transit,20578415.538612228,12779196.049478194
2046,Fares,Kitsap Transit,20739555.29450654,12547430.953176456
2047,Fares,Kitsap Transit,20901979.76371663,12332168.060592812
2048,Fares,Kitsap Transit,26220230.77700205,15155293.389107184
2049,Fares,Kitsap Transit,26425521.310122795,14930419.540219378
2050,Fares,Kitsap Transit,26632410.91638729,14754355.64767856
1989,Fares,Pierce Transit,3522999.9959860323,8060623.990816041
1990,Fares,Pierce Transit,3739999.996570992,8059699.992610486
1991,Fares,Pierce Transit,4648999.995927695,9372383.991790233
1992,Fares,Pierce Transit,5023000.004959314,9759689.009635948
1993,Fares,Pierce Transit,5471000.004704976,10345661.00889711
1994,Fares,Pierce Transit,5555999.997870272,10173035.996100469
1995,Fares,Pierce Transit,6304421.997264913,11184044.623147957
1996,Fares,Pierce Transit,7253399.9940158455,12490354.789695285
1997,Fares,Pierce Transit,7930929.002015448,13157411.214343628
1998,Fares,Pierce Transit,8878332.00494556,14311871.191972243
1999,Fares,Pierce Transit,9576682.003341597,14949200.607216232
2000,Fares,Pierce Transit,7379999.997444879,11129039.996146878
2001,Fares,Pierce Transit,6330000.006992588,9197490.01016023
2002,Fares,Pierce Transit,7119999.998537828,10131759.99791933
2003,Fares,Pierce Transit,7469999.995591381,10472939.993819116
2004,Fares,Pierce Transit,9369999.993989801,12939969.991699915
2005,Fares,Pierce Transit,9095999.99951346,12206831.999347065
2006,Fares,Pierce Transit,11514999.999461595,14911924.999302765
2007,Fares,Pierce Transit,12372000.001521116,15440256.001898352
2008,Fares,Pierce Transit,14121000.002661407,16846353.00317506
2009,Fares,Pierce Transit,15741000.004977943,18700308.005913794
2010,Fares,Pierce Transit,14506000.001848146,17247634.00219745
2011,Fares,Pierce Transit,13500000.004466336,15646500.005176485
2012,Fares,Pierce Transit,12220000.005104376,13771940.005752632
2013,Fares,Pierce Transit,12269999.995062776,13656509.994504869
2014,Fares,Pierce Transit,12210000.003572848,13296690.003890831
2015,Fares,Pierce Transit,12629000.002339447,13614062.002521925
2016,Fares,Pierce Transit,11912999.997563003,12580127.997426532
2017,Fares,Pierce Transit,12138000.001846539,12429312.001890857
2018,Fares,Pierce Transit,12013999.996931855,12013999.996931855
2019,Fares,Pierce Transit,12184164.292224856,11952665.170672584
2020,Fares,Pierce Transit,12356706.659967596,11899508.513548795
2021,Fares,Pierce Transit,12554262.826811384,11951658.211124437
2022,Fares,Pierce Transit,12754967.73773215,12015179.608943684
2023,Fares,Pierce Transit,15410774.973037152,14409074.599789737
2024,Fares,Pierce Transit,15657153.181852575,14514180.999577338
2025,Fares,Pierce Transit,15907433.011787517,14618930.937832728
2026,Fares,Pierce Transit,16133255.699939733,14681262.686945157
2027,Fares,Pierce Transit,16362273.004042156,14742407.976641983
2028,Fares,Pierce Transit,19734341.821211338,17622767.246341724
2029,Fares,Pierce Transit,20014475.787761316,17672782.120593242
2030,Fares,Pierce Transit,20298564.51351003,17700348.255780745
2031,Fares,Pierce Transit,20547029.266633894,17649898.140038516
2032,Fares,Pierce Transit,20798514.58387018,17595543.33795417
2033,Fares,Pierce Transit,25036475.79296577,20805311.383954555
2034,Fares,Pierce Transit,25342876.201068632,20679786.980072003
2035,Fares,Pierce Transit,25653053.84407922,20496790.021419298
2036,Fares,Pierce Transit,25935790.98643664,20281788.551393453
2037,Fares,Pierce Transit,26221638.792835716,20033332.037726488
2038,Fares,Pierce Transit,31526634.926838733,23518869.655421697
2039,Fares,Pierce Transit,31874097.734773975,23172469.05318068
2040,Fares,Pierce Transit,32225391.881656025,22847802.84409412
2041,Fares,Pierce Transit,32565368.165212434,22502669.40216179
2042,Fares,Pierce Transit,32908911.55744346,22147697.47815945
2043,Fares,Pierce Transit,39548350.41922951,25904169.524595328
2044,Fares,Pierce Transit,39965535.83987435,25458046.32999996
2045,Fares,Pierce Transit,40387120.40379489,25080401.77075663
2046,Fares,Pierce Transit,40787494.8126362,24676434.361644898
2047,Fares,Pierce Transit,41191797.02797366,24303160.24650446
2048,Fares,Pierce Transit,49471172.71128133,28594337.827120606
2049,Fares,Pierce Transit,49961562.851924844,28228283.011337534
2050,Fares,Pierce Transit,50456810.8070172,27953073.187087532
2016,PSRC FHWA,Community Transit,608182.0,642240.192
2017,PSRC FHWA,Community Transit,611209.0,625878.0160000001
2018,PSRC FHWA,Community Transit,619709.0,619709.0
2019,PSRC FHWA,Community Transit,694099.0,680911.119
2020,PSRC FHWA,Community Transit,713708.0,687300.804
2021,PSRC FHWA,Community Transit,665615.9349999999,633666.3701199999
2022,PSRC FHWA,Community Transit,682256.3333749999,642685.4660392499
2023,PSRC FHWA,Community Transit,699312.7417093748,653857.4134982656
2024,PSRC FHWA,Community Transit,716795.5602521091,664469.4843537052
2025,PSRC FHWA,Community Transit,734715.4492584118,675203.4978684804
2026,PSRC FHWA,Community Transit,753083.335489872,685305.8352957836
2027,PSRC FHWA,Community Transit,771910.4188771187,695491.287408284
2028,PSRC FHWA,Community Transit,791208.1793490467,706548.9041586986
2029,PSRC FHWA,Community Transit,810988.3838327727,716102.7429243383
2030,PSRC FHWA,Community Transit,831263.093428592,724861.4174697322
2031,PSRC FHWA,Community Transit,852044.6707643067,731906.3721865395
2032,PSRC FHWA,Community Transit,873345.7875334143,738850.5362532685
2033,PSRC FHWA,Community Transit,895179.4322217496,743894.1081762739
2034,PSRC FHWA,Community Transit,917558.9180272932,748728.0771102712
2035,PSRC FHWA,Community Transit,940497.8909779754,751457.8148914024
2036,PSRC FHWA,Community Transit,964010.3382524247,753856.0845133961
2037,PSRC FHWA,Community Transit,988110.5967087352,754916.4958854737
2038,PSRC FHWA,Community Transit,1012813.3616264535,755558.7677733343
2039,PSRC FHWA,Community Transit,1038133.6956671147,754723.1967499923
2040,PSRC FHWA,Community Transit,1064087.0380587925,754437.7099836838
2041,PSRC FHWA,Community Transit,1090689.2140102622,753666.2468810912
2042,PSRC FHWA,Community Transit,1117956.4443605186,752384.6870546291
2043,PSRC FHWA,Community Transit,1145905.3554695314,750568.0078325431
2044,PSRC FHWA,Community Transit,1174552.9893562696,748190.2542199438
2045,PSRC FHWA,Community Transit,1203916.8140901763,747632.3415499994
2046,PSRC FHWA,Community Transit,1234014.7344424305,746578.9143376704
2047,PSRC FHWA,Community Transit,1264865.1028034913,746270.4106540598
2048,PSRC FHWA,Community Transit,1296486.7303735784,749369.3301559283
2049,PSRC FHWA,Community Transit,1328898.8986329178,750827.8777275985
2050,PSRC FHWA,Community Transit,1362121.3710987407,754615.2395887024
2016,PSRC FTA,Community Transit,11341165.0,11976270.24
2017,PSRC FTA,Community Transit,11858333.0,12142932.992
2018,PSRC FTA,Community Transit,15562445.0,15562445.0
2019,PSRC FTA,Community Transit,13703949.0,13443573.969
2020,PSRC FTA,Community Transit,13758530.0,13249464.389999999
2021,PSRC FTA,Community Transit,13576006.51,12924358.197519999
2022,PSRC FTA,Community Transit,13915406.672749998,13108313.085730497
2023,PSRC FTA,Community Transit,14263291.839568747,13336177.869996779
2024,PSRC FTA,Community Transit,14619874.135557964,13552623.323662234
2025,PSRC FTA,Community Transit,14985370.988946913,13771555.938842213
2026,PSRC FTA,Community Transit,15360005.263670584,13977604.789940232
2027,PSRC FTA,Community Transit,15744005.395262348,14185348.861131376
2028,PSRC FTA,Community Transit,16137605.530143905,14410881.738418508
2029,PSRC FTA,Community Transit,16541045.668397501,14605743.325194994
2030,PSRC FTA,Community Transit,16954571.810107436,14784386.618413685
2031,PSRC FTA,Community Transit,17378436.10536012,14928076.614504343
2032,PSRC FTA,Community Transit,17812897.007994123,15069710.868763028
2033,PSRC FTA,Community Transit,18258219.433193974,15172580.348984191
2034,PSRC FTA,Community Transit,18714674.919023823,15271174.733923439
2035,PSRC FTA,Community Transit,19182541.79199942,15326850.891807536
2036,PSRC FTA,Community Transit,19662105.3367994,15375766.373377133
2037,PSRC FTA,Community Transit,20153657.970219385,15397394.68924761
2038,PSRC FTA,Community Transit,20657499.419474866,15410494.56692825
2039,PSRC FTA,Community Transit,21173936.904961735,15393452.129907181
2040,PSRC FTA,Community Transit,21703285.327585775,15387629.297258314
2041,PSRC FTA,Community Transit,22245867.460775416,15371894.415395811
2042,PSRC FTA,Community Transit,22802014.1472948,15345755.521129401
2043,PSRC FTA,Community Transit,23372064.50097717,15308702.248140046
2044,PSRC FTA,Community Transit,23956366.113501597,15260205.214300517
2045,PSRC FTA,Community Transit,24555275.266339134,15248825.940396603
2046,PSRC FTA,Community Transit,25169157.14799761,15227340.074538553
2047,PSRC FTA,Community Transit,25798386.076697547,15221047.785251552
2048,PSRC FTA,Community Transit,26443345.728614982,15284253.831139458
2049,PSRC FTA,Community Transit,27104429.371830355,15314002.59508415
2050,PSRC FTA,Community Transit,27782040.10612611,15391250.218793867
2018,Non-PSRC FTA,Community Transit,43190000.0,43190000.0
2019,Non-PSRC FTA,Community Transit,1375000.0,1348875.0
2021,Non-PSRC FTA,Community Transit,9020174.176001146,8587205.815553091
2022,Non-PSRC FTA,Community Transit,9108529.07704971,8580234.390580826
2023,Non-PSRC FTA,Community Transit,9185401.03066958,8588349.963676058
2024,Non-PSRC FTA,Community Transit,9257488.422860827,8581691.767991988
2025,Non-PSRC FTA,Community Transit,9337869.054861689,8581501.661417892
2026,Non-PSRC FTA,Community Transit,9429094.692767423,8580476.170418356
2027,Non-PSRC FTA,Community Transit,9522553.126006516,8579820.366531871
2028,Non-PSRC FTA,Community Transit,9615054.646959888,8586243.79973518
2029,Non-PSRC FTA,Community Transit,9721590.881437216,8584164.74830906
2030,Non-PSRC FTA,Community Transit,9845989.478581402,8585702.825322984
2031,Non-PSRC FTA,Community Transit,9987931.467630537,8579633.130694631
2032,Non-PSRC FTA,Community Transit,10150287.585441798,8587143.297283761
2033,Non-PSRC FTA,Community Transit,10324445.621443659,8579614.31141968
2034,Non-PSRC FTA,Community Transit,10518698.815445734,8583258.233403718
2035,Non-PSRC FTA,Community Transit,10739107.61192428,8580546.9819275
2036,Non-PSRC FTA,Community Transit,10977378.771069683,8584310.198976493
2037,Non-PSRC FTA,Community Transit,11234469.205167668,8583134.472748099
2038,Non-PSRC FTA,Community Transit,11506551.265075337,8583887.2437462
2039,Non-PSRC FTA,Community Transit,11806064.81050711,8583009.117238669
2040,Non-PSRC FTA,Community Transit,12112595.712700864,8587830.360304913
2041,Non-PSRC FTA,Community Transit,12426462.942418505,8586685.893211186
2042,Non-PSRC FTA,Community Transit,12756597.68099346,8585190.2393086
2043,Non-PSRC FTA,Community Transit,13101405.074616194,8581420.323873607
2044,Non-PSRC FTA,Community Transit,13466307.62623914,8578037.957914332
2045,Non-PSRC FTA,Community Transit,13833124.002433537,8590370.005511226
2046,Non-PSRC FTA,Community Transit,14191966.109580228,8586139.496296037
2047,Non-PSRC FTA,Community Transit,14538049.386250595,8577449.13788785
2048,Non-PSRC FTA,Community Transit,14862761.621873112,8590676.217442658
2049,Non-PSRC FTA,Community Transit,15179818.559209835,8576597.485953556
2050,Non-PSRC FTA,Community Transit,15496237.555022739,8584915.605482599
2018,State,Community Transit,13800000.0,13800000.0
2021,State,Community Transit,2793187.560390796,2659114.557492038
2022,State,Community Transit,2820547.54321297,2656955.7857066174
2023,State,Community Transit,2844351.7159932726,2659468.85445371
2024,State,Community Transit,2866674.3012561295,2657407.0772644323
2025,State,Community Transit,2891564.971549227,2657348.20885374
2026,State,Community Transit,2919813.9068818674,2657030.6552624996
2027,State,Community Transit,2948754.2497226503,2656827.579000108
2028,State,Community Transit,2977398.275059945,2658816.659628531
2029,State,Community Transit,3010388.290448414,2658172.86046595
2030,State,Community Transit,3048909.565902016,2658649.141466558
2031,State,Community Transit,3092863.3289195877,2656769.599541926
2032,State,Community Transit,3143138.532011597,2659095.198081811
2033,State,Community Transit,3197068.31764664,2656763.7719643577
2034,State,Community Transit,3257220.770854957,2657892.1490176446
2035,State,Community Transit,3325472.5691586463,2657052.5827577584
2036,State,Community Transit,3399255.627527469,2658217.900726481
2037,State,Community Transit,3478866.263464913,2657853.8252871935
2038,State,Community Transit,3563119.2069570217,2658086.928389938
2039,State,Community Transit,3655866.5855491557,2657815.007694236
2040,State,Community Transit,3750786.9591668784,2659307.9540493167
2041,State,Community Transit,3847979.1003113515,2658953.5583151435
2042,State,Community Transit,3950208.6390151414,2658490.4140571905
2043,State,Community Transit,4056981.712772433,2657323.021865944
2044,State,Community Transit,4169977.454102999,2656275.6382636107
2045,State,Community Transit,4283565.830440544,2660094.380703578
2046,State,Community Transit,4394684.894249011,2658784.3610206516
2047,State,Community Transit,4501853.058010955,2656093.3042264637
2048,State,Community Transit,4602403.464194973,2660189.2023046943
2049,State,Community Transit,4700583.330351077,2655829.581648358
2050,State,Community Transit,4798565.651504854,2658405.370933689
2016,PSRC FHWA,Everett Transit,422469.0,446127.264
2017,PSRC FHWA,Everett Transit,424572.0,434761.728
2018,PSRC FHWA,Everett Transit,430476.0,430476.0
2019,PSRC FHWA,Everett Transit,482151.0,472990.131
2020,PSRC FHWA,Everett Transit,495772.0,477428.436
2021,PSRC FHWA,Everett Transit,462365.19999999995,440171.67039999994
2022,PSRC FHWA,Everett Transit,473924.3299999999,446436.7188599999
2023,PSRC FHWA,Everett Transit,485772.43824999983,454197.22976374987
2024,PSRC FHWA,Everett Transit,497916.7492062498,461568.82651419356
2025,PSRC FHWA,Everett Transit,510364.667936406,469025.1298335571
2026,PSRC FHWA,Everett Transit,523123.7846348161,476042.6440176827
2027,PSRC FHWA,Everett Transit,536201.8792506865,483117.89320486854
2028,PSRC FHWA,Everett Transit,549606.9262319537,490798.98512513464
2029,PSRC FHWA,Everett Transit,563347.0993877525,497435.4887593854
2030,PSRC FHWA,Everett Transit,577430.7768724462,503519.6374327731
2031,PSRC FHWA,Everett Transit,591866.5462942573,508413.363266767
2032,PSRC FHWA,Everett Transit,606663.2099516137,513237.07561906514
2033,PSRC FHWA,Everett Transit,621829.790200404,516740.5556565357
2034,PSRC FHWA,Everett Transit,637375.534955414,520098.4365236178
2035,PSRC FHWA,Everett Transit,653309.9233292993,521994.6287401102
2036,PSRC FHWA,Everett Transit,669642.6714125318,523660.56904459983
2037,PSRC FHWA,Everett Transit,686383.7381978449,524397.1759831535
2038,PSRC FHWA,Everett Transit,703543.331652791,524843.3254129821
2039,PSRC FHWA,Everett Transit,721131.9149441107,524262.9021643684
2040,PSRC FHWA,Everett Transit,739160.2128177134,524064.59088775876
2041,PSRC FHWA,Everett Transit,757639.2181381561,523528.69973346585
2042,PSRC FHWA,Everett Transit,776580.19859161,522638.4736521535
2043,PSRC FHWA,Everett Transit,795994.7035564001,521376.53082944214
2044,PSRC FHWA,Everett Transit,815894.5711453101,519724.84181956254
2045,PSRC FHWA,Everett Transit,836291.9354239427,519337.29189826845
2046,PSRC FHWA,Everett Transit,857199.2338095412,518605.5364547724
2047,PSRC FHWA,Everett Transit,878629.2146547796,518391.23664632
2048,PSRC FHWA,Everett Transit,900594.945021149,520543.87822222407
2049,PSRC FHWA,Everett Transit,923109.8186466777,521557.04753537284
2050,PSRC FHWA,Everett Transit,946187.5641128445,524187.9105185159
2016,PSRC FTA,Everett Transit,2202226.0,2325550.656
2017,PSRC FTA,Everett Transit,1766045.0,1808430.08
2018,PSRC FTA,Everett Transit,1430364.0,1430364.0
2019,PSRC FTA,Everett Transit,1431348.0,1404152.388
2020,PSRC FTA,Everett Transit,1433591.0,1380548.133
2021,PSRC FTA,Everett Transit,1694032.67,1612719.10184
2022,PSRC FTA,Everett Transit,1736383.4867499997,1635673.2445184996
2023,PSRC FTA,Everett Transit,1779793.0739187496,1664106.5241140309
2024,PSRC FTA,Everett Transit,1824287.9007667182,1691114.8840107478
2025,PSRC FTA,Everett Transit,1869895.098285886,1718433.5953247293
2026,PSRC FTA,Everett Transit,1916642.475743033,1744144.65292616
2027,PSRC FTA,Everett Transit,1964558.5376366086,1770067.2424105844
2028,PSRC FTA,Everett Transit,2013672.5010775237,1798209.5434622287
2029,PSRC FTA,Everett Transit,2064014.3136044615,1822524.6389127395
2030,PSRC FTA,Everett Transit,2115614.671444573,1844815.9934996676
2031,PSRC FTA,Everett Transit,2168505.038230687,1862745.82784016
2032,PSRC FTA,Everett Transit,2222717.664186454,1880419.14390174
2033,PSRC FTA,Everett Transit,2278285.605791115,1893255.3384124166
2034,PSRC FTA,Everett Transit,2335242.7459358927,1905558.0806836884
2035,PSRC FTA,Everett Transit,2393623.8145842897,1912505.4278528476
2036,PSRC FTA,Everett Transit,2453464.4099488966,1918609.1685800373
2037,PSRC FTA,Everett Transit,2514801.0201976188,1921307.9794309807
2038,PSRC FTA,Everett Transit,2577671.045702559,1922942.600094109
2039,PSRC FTA,Everett Transit,2642112.8218451226,1920816.021481404
2040,PSRC FTA,Everett Transit,2708165.6423912505,1920089.4404553964
2041,PSRC FTA,Everett Transit,2775869.7834510314,1918126.0203646626
2042,PSRC FTA,Everett Transit,2845266.528037307,1914864.3733691077
2043,PSRC FTA,Everett Transit,2916398.1912382394,1910240.8152610469
2044,PSRC FTA,Everett Transit,2989308.146019195,1904189.2890142275
2045,PSRC FTA,Everett Transit,3064040.849669675,1902769.367644868
2046,PSRC FTA,Everett Transit,3140641.8709114166,1900088.331901407
2047,PSRC FTA,Everett Transit,3219157.9176842016,1899303.1714336788
2048,PSRC FTA,Everett Transit,3299636.8656263063,1907190.1083320049
2049,PSRC FTA,Everett Transit,3382127.7872669636,1910902.1998058343
2050,PSRC FTA,Everett Transit,3466680.9819486374,1920541.2639995452
2017,Non-PSRC FTA,Everett Transit,3358459.0,3439062.0160000003
2018,Non-PSRC FTA,Everett Transit,1375000.0,1375000.0
2019,Non-PSRC FTA,Everett Transit,382874.0,375599.394
2021,Non-PSRC FTA,Everett Transit,1035570.847131661,985863.4464693413
2022,Non-PSRC FTA,Everett Transit,1045714.5270586552,985063.0844892531
2023,Non-PSRC FTA,Everett Transit,1054539.8947929714,985994.8016314283
2024,Non-PSRC FTA,Everett Transit,1062815.9657803387,985230.4002783741
2025,Non-PSRC FTA,Everett Transit,1072044.1511290846,985208.5748876288
2026,Non-PSRC FTA,Everett Transit,1082517.409104248,985090.8422848658
2027,Non-PSRC FTA,Everett Transit,1093247.0055613213,985015.5520107505
2028,Non-PSRC FTA,Everett Transit,1103866.7426690052,985753.0012034216
2029,Non-PSRC FTA,Everett Transit,1116097.750234406,985514.3134569805
2030,Non-PSRC FTA,Everett Transit,1130379.4656550838,985690.8940512331
2031,Non-PSRC FTA,Everett Transit,1146675.2691479083,984994.0561980532
2032,Non-PSRC FTA,Everett Transit,1165314.7387610497,985856.268991848
2033,Non-PSRC FTA,Everett Transit,1185309.1403499986,984991.8956308488
2034,Non-PSRC FTA,Everett Transit,1207610.5882761339,985410.2400333252
2035,Non-PSRC FTA,Everett Transit,1232914.8584189245,985098.9718767208
2036,Non-PSRC FTA,Everett Transit,1260269.8364169921,985531.0120780879
2037,Non-PSRC FTA,Everett Transit,1289785.381619726,985396.0315574708
2038,Non-PSRC FTA,Everett Transit,1321022.0566295676,985482.4542456574
2039,Non-PSRC FTA,Everett Transit,1355408.0329885841,985381.6399827006
2040,Non-PSRC FTA,Everett Transit,1390599.64457646,985935.14800471
2041,Non-PSRC FTA,Everett Transit,1426633.511176324,985803.7562228398
2042,Non-PSRC FTA,Everett Transit,1464534.986715815,985632.0460597436
2043,Non-PSRC FTA,Everett Transit,1504120.9722792837,985199.2368429309
2044,Non-PSRC FTA,Everett Transit,1546014.0041799385,984810.9206626208
2045,Non-PSRC FTA,Everett Transit,1588126.754779373,986226.7147179907
2046,Non-PSRC FTA,Everett Transit,1629324.010800559,985741.0265343382
2047,Non-PSRC FTA,Everett Transit,1669056.4754965475,984743.320542963
2048,Non-PSRC FTA,Everett Transit,1706335.4147228296,986261.8697097955
2049,Non-PSRC FTA,Everett Transit,1742735.479153993,984645.545722006
2050,Non-PSRC FTA,Everett Transit,1779062.3040188965,985600.5164264687
2016,PSRC FHWA,King County Metro,2165900.0,2287190.4
2017,PSRC FHWA,King County Metro,2176679.0,2228919.296
2018,PSRC FHWA,King County Metro,2206950.0,2206950.0
2019,PSRC FHWA,King County Metro,2471874.0,2424908.394
2020,PSRC FHWA,King County Metro,2541705.0,2447661.915
2021,PSRC FHWA,King County Metro,2370437.1399999997,2256656.1572799995
2022,PSRC FHWA,King County Metro,2429698.0684999996,2288775.5805269997
2023,PSRC FHWA,King County Metro,2490440.5202124994,2328561.886398687
2024,PSRC FHWA,King County Metro,2552701.5332178115,2366354.321292911
2025,PSRC FHWA,King County Metro,2616519.0715482566,2404581.0267528477
2026,PSRC FHWA,King County Metro,2681932.0483369627,2440558.1639866363
2027,PSRC FHWA,King County Metro,2748980.3495453866,2476831.2949403934
2028,PSRC FHWA,King County Metro,2817704.8582840213,2516210.438447631
2029,PSRC FHWA,King County Metro,2888147.4797411216,2550234.2246114104
2030,PSRC FHWA,King County Metro,2960351.1667346493,2581426.217392614
2031,PSRC FHWA,King County Metro,3034359.9459030153,2606515.19353069
2032,PSRC FHWA,King County Metro,3110218.9445505906,2631245.2270897995
2033,PSRC FHWA,King County Metro,3187974.418164355,2649206.7414945792
2034,PSRC FHWA,King County Metro,3267673.778618464,2666421.803352666
2035,PSRC FHWA,King County Metro,3349365.623083925,2676143.132844056
2036,PSRC FHWA,King County Metro,3433099.7636610228,2684684.01518292
2037,PSRC FHWA,King County Metro,3518927.257752548,2688460.424922947
2038,PSRC FHWA,King County Metro,3606900.439196361,2690747.7276404854
2039,PSRC FHWA,King County Metro,3697072.9501762697,2687772.034778148
2040,PSRC FHWA,King County Metro,3789499.7739306763,2686755.3397168494
2041,PSRC FHWA,King County Metro,3884237.268278943,2684007.9523807494
2042,PSRC FHWA,King County Metro,3981343.1999859163,2679443.9735905216
2043,PSRC FHWA,King County Metro,4080876.779985564,2672974.290890544
2044,PSRC FHWA,King County Metro,4182898.699485203,2664506.471572074
2045,PSRC FHWA,King County Metro,4287471.166972333,2662519.5946898186
2046,PSRC FHWA,King County Metro,4394657.946146641,2658768.0574187175
2047,PSRC FHWA,King County Metro,4504524.394800306,2657669.392932181
2048,PSRC FHWA,King County Metro,4617137.504670314,2668705.477699441
2049,PSRC FHWA,King County Metro,4732565.942287071,2673899.7573921946
2050,PSRC FHWA,King County Metro,4850880.090844247,2687387.5703277127
2016,PSRC FTA,King County Metro,79768173.0,84235190.68800001
2017,PSRC FTA,King County Metro,78462902.0,80346011.648
2018,PSRC FTA,King County Metro,90322252.0,90322252.0
2019,PSRC FTA,King County Metro,89220623.0,87525431.163
2020,PSRC FTA,King County Metro,84899161.0,81757892.043
2021,PSRC FTA,King County Metro,86647987.755,82488884.34276
2022,PSRC FTA,King County Metro,88814187.44887498,83662964.57684022
2023,PSRC FTA,King County Metro,91034542.13509685,85117296.89631556
2024,PSRC FTA,King County Metro,93310405.68847427,86498746.07321565
2025,PSRC FTA,King County Metro,95643165.83068612,87896069.39840055
2026,PSRC FTA,King County Metro,98034244.97645326,89211162.92857248
2027,PSRC FTA,King County Metro,100485101.10086459,90537076.091879
2028,PSRC FTA,King County Metro,102997228.6283862,91976525.16514888
2029,PSRC FTA,King County Metro,105572159.34409584,93220216.70083663
2030,PSRC FTA,King County Metro,108211463.32769823,94360396.02175286
2031,PSRC FTA,King County Metro,110916749.91089068,95277488.17345509
2032,PSRC FTA,King County Metro,113689668.65866295,96181459.68522885
2033,PSRC FTA,King County Metro,116531910.3751295,96838017.52173261
2034,PSRC FTA,King County Metro,119445208.13450773,97467289.8377583
2035,PSRC FTA,King County Metro,122431338.33787042,97822639.33195847
2036,PSRC FTA,King County Metro,125492121.79631718,98134839.24472004
2037,PSRC FTA,King County Metro,128629424.84122509,98272880.57869597
2038,PSRC FTA,King County Metro,131845160.4622557,98356489.70484275
2039,PSRC FTA,King County Metro,135141289.47381207,98247717.44746138
2040,PSRC FTA,King County Metro,138519821.71065736,98210553.59285606
2041,PSRC FTA,King County Metro,141982817.25342378,98110126.72211583
2042,PSRC FTA,King County Metro,145532387.68475935,97943296.91184305
2043,PSRC FTA,King County Metro,149170697.37687832,97706806.7818553
2044,PSRC FTA,King County Metro,152899964.81130028,97397277.58479828
2045,PSRC FTA,King County Metro,156722463.93158278,97324650.10151291
2046,PSRC FTA,King County Metro,160640525.52987233,97187517.94557275
2047,PSRC FTA,King County Metro,164656538.66811913,97147357.81419028
2048,PSRC FTA,King County Metro,168772952.1348221,97550766.33392717
2049,PSRC FTA,King County Metro,172992275.93819264,97740635.90507883
2050,PSRC FTA,King County Metro,177317082.83664745,98233663.8915027
2017,Non-PSRC FTA,King County Metro,5304000.0,5431296.0
2018,Non-PSRC FTA,King County Metro,1980040.0,1980040.0
2019,Non-PSRC FTA,King County Metro,2575000.0,2526075.0
2020,Non-PSRC FTA,King County Metro,2200000.0,2118600.0
2021,Non-PSRC FTA,King County Metro,2440808.733206886,2323649.914012955
2022,Non-PSRC FTA,King County Metro,2464717.0757613718,2321763.485367212
2023,Non-PSRC FTA,King County Metro,2485518.1969008343,2323959.51410228
2024,Non-PSRC FTA,King County Metro,2505024.642450704,2322157.8435518024
2025,Non-PSRC FTA,King County Metro,2526775.1923558684,2322106.401775043
2026,Non-PSRC FTA,King County Metro,2551460.3402641094,2321828.9096403397
2027,Non-PSRC FTA,King County Metro,2576749.670114161,2321651.452772859
2028,Non-PSRC FTA,King County Metro,2601780.0648462954,2323389.597907742
2029,Non-PSRC FTA,King County Metro,2630608.174641235,2322827.0182082104
2030,Non-PSRC FTA,King County Metro,2664269.739970655,2323243.2132544112
2031,Non-PSRC FTA,King County Metro,2702678.449128584,2321600.787801454
2032,Non-PSRC FTA,King County Metro,2746611.1074687773,2323632.9969185856
2033,Non-PSRC FTA,King County Metro,2793737.298929966,2321595.6954108016
2034,Non-PSRC FTA,King County Metro,2846301.127867446,2322581.7203398356
2035,Non-PSRC FTA,King County Metro,2905942.5166947013,2321848.0708390665
2036,Non-PSRC FTA,King County Metro,2970417.3610564377,2322866.3763461346
2037,Non-PSRC FTA,King County Metro,3039984.596070573,2322548.231397918
2038,Non-PSRC FTA,King County Metro,3113608.481265434,2322751.927024014
2039,Non-PSRC FTA,King County Metro,3194655.173173962,2322514.3108974705
2040,Non-PSRC FTA,King County Metro,3277600.7226138944,2323818.912333251
2041,Non-PSRC FTA,King County Metro,3362531.441291202,2323509.2259322205
2042,Non-PSRC FTA,King County Metro,3451864.056973126,2323104.5103429137
2043,Non-PSRC FTA,King County Metro,3545167.011129802,2322084.3922900204
2044,Non-PSRC FTA,King County Metro,3643907.602762769,2321169.142959884
2045,Non-PSRC FTA,King County Metro,3743166.0646315734,2324506.126136207
2046,Non-PSRC FTA,King County Metro,3840266.733851056,2323361.373979889
2047,Non-PSRC FTA,King County Metro,3933914.9348316244,2321009.811550658
2048,Non-PSRC FTA,King County Metro,4021780.251512009,2324588.9853739413
2049,Non-PSRC FTA,King County Metro,4107574.0872490457,2320779.3592957105
2050,Non-PSRC FTA,King County Metro,4193195.299574136,2323030.1959640714
2016,Other Federal,King County Metro,3000000.0,3168000.0
2019,Other Federal,King County Metro,590869.0,579642.489
2021,Other Federal,King County Metro,726809.4653473144,691922.6110106433
2022,Other Federal,King County Metro,733928.748981856,691360.8815409084
2023,Other Federal,King County Metro,740122.782757757,692014.8018785028
2024,Other Federal,King County Metro,745931.2957592243,691478.311168801
2025,Other Federal,King County Metro,752408.0447697102,691462.9931433636
2026,Other Federal,King County Metro,759758.6408689119,691380.3631907098
2027,Other Federal,King County Metro,767289.1466628495,691327.5211432273
2028,Other Federal,King County Metro,774742.5483019006,691845.0956335972
2029,Other Federal,King County Metro,783326.8108792902,691677.5740064132
2030,Other Federal,King County Metro,793350.3510145656,691801.5060847012
2031,Other Federal,King County Metro,804787.4673227643,691312.4344302545
2032,Other Federal,King County Metro,817869.472268547,691917.5735391908
2033,Other Federal,King County Metro,831902.4284579325,691310.9180485419
2034,Other Federal,King County Metro,847554.5718999396,691604.5306703507
2035,Other Federal,King County Metro,865314.2289088506,691386.0688981717
2036,Other Federal,King County Metro,884513.1634756473,691689.2938379563
2037,Other Federal,King County Metro,905228.4797552164,691594.5585329854
2038,Other Federal,King County Metro,927151.761128011,691655.2138014962
2039,Other Federal,King County Metro,951285.3616075587,691584.4578886952
2040,Other Federal,King County Metro,975984.3925562759,691972.9343223996
2041,Other Federal,King County Metro,1001274.5553591247,691880.717753155
2042,Other Federal,King County Metro,1027875.4887950477,691760.2039590671
2043,Other Federal,King County Metro,1055658.6859392342,691456.4392901985
2044,Other Federal,King County Metro,1085061.070336042,691183.9018040587
2045,Other Federal,King County Metro,1114617.6630426233,692177.5687494691
2046,Other Federal,King County Metro,1143531.7211251485,691836.6912807148
2047,Other Federal,King County Metro,1171417.723809184,691136.4570474186
2048,Other Federal,King County Metro,1197581.733700749,692202.2420790328
2049,Other Federal,King County Metro,1223128.9103532203,691067.8343495694
2050,Other Federal,King County Metro,1248624.6842357668,691738.0750666149
2016,PSRC FHWA,Kitsap Transit,2309321.0,2438642.9760000003
2017,PSRC FHWA,Kitsap Transit,2320814.0,2376513.536
2018,PSRC FHWA,Kitsap Transit,2353090.0,2353090.0
2019,PSRC FHWA,Kitsap Transit,2635556.0,2585480.4359999998
2020,PSRC FHWA,Kitsap Transit,2710012.0,2609741.556
2021,PSRC FHWA,Kitsap Transit,2527402.565,2406087.2418799996
2022,PSRC FHWA,Kitsap Transit,2590587.6291249995,2440333.5466357493
2023,PSRC FHWA,Kitsap Transit,2655352.319853124,2482754.4190626713
2024,PSRC FHWA,Kitsap Transit,2721736.127849452,2523049.3905164422
2025,PSRC FHWA,Kitsap Transit,2789779.5310456883,2563807.389030988
2026,PSRC FHWA,Kitsap Transit,2859524.0193218305,2602166.8575828657
2027,PSRC FHWA,Kitsap Transit,2931012.119804876,2640841.919944193
2028,PSRC FHWA,Kitsap Transit,3004287.4227999975,2682828.668560398
2029,PSRC FHWA,Kitsap Transit,3079394.6083699972,2719105.4391907076
2030,PSRC FHWA,Kitsap Transit,3156379.473579247,2752362.9009611034
2031,PSRC FHWA,Kitsap Transit,3235288.9604187277,2779113.2169996873
2032,PSRC FHWA,Kitsap Transit,3316171.1844291957,2805480.8220270993
2033,PSRC FHWA,Kitsap Transit,3399075.4640399255,2824631.710617178
2034,PSRC FHWA,Kitsap Transit,3484052.3506409233,2842986.718122993
2035,PSRC FHWA,Kitsap Transit,3571153.659406946,2853351.77386615
2036,PSRC FHWA,Kitsap Transit,3660432.5008921195,2862458.2156976378
2037,PSRC FHWA,Kitsap Transit,3751943.3134144223,2866484.6914486187
2038,PSRC FHWA,Kitsap Transit,3845741.8962497828,2868923.454602338
2039,PSRC FHWA,Kitsap Transit,3941885.443656027,2865750.7175379316
2040,PSRC FHWA,Kitsap Transit,4040432.5797474273,2864666.6990409256
2041,PSRC FHWA,Kitsap Transit,4141443.3942411128,2861737.385420609
2042,PSRC FHWA,Kitsap Transit,4244979.47909714,2856871.1894323756
2043,PSRC FHWA,Kitsap Transit,4351103.966074568,2849973.0977788423
2044,PSRC FHWA,Kitsap Transit,4459881.565226432,2840944.557049237
2045,PSRC FHWA,Kitsap Transit,4571378.604357093,2838826.1133057545
2046,PSRC FHWA,Kitsap Transit,4685663.06946602,2834826.157026942
2047,PSRC FHWA,Kitsap Transit,4802804.64620267,2833654.7412595754
2048,PSRC FHWA,Kitsap Transit,4922874.762357737,2845421.6126427716
2049,PSRC FHWA,Kitsap Transit,5045946.63141668,2850959.8467504242
2050,PSRC FHWA,Kitsap Transit,5172095.297202097,2865340.7946499623
2016,PSRC FTA,Kitsap Transit,4165730.0,4399010.88
2017,PSRC FTA,Kitsap Transit,4305161.0,4408484.864
2018,PSRC FTA,Kitsap Transit,4405686.0,4405686.0
2019,PSRC FTA,Kitsap Transit,4807075.0,4715740.575
2020,PSRC FTA,Kitsap Transit,4993765.0,4808995.695
2021,PSRC FTA,Kitsap Transit,4648870.485,4425724.70172
2022,PSRC FTA,Kitsap Transit,4765092.247125,4488716.89679175
2023,PSRC FTA,Kitsap Transit,4884219.553303124,4566745.282338422
2024,PSRC FTA,Kitsap Transit,5006325.042135702,4640863.314059797
2025,PSRC FTA,Kitsap Transit,5131483.168189094,4715833.031565778
2026,PSRC FTA,Kitsap Transit,5259770.247393821,4786390.925128378
2027,PSRC FTA,Kitsap Transit,5391264.503578667,4857529.317724379
2028,PSRC FTA,Kitsap Transit,5526046.116168133,4934759.181738143
2029,PSRC FTA,Kitsap Transit,5664197.269072336,5001486.188590873
2030,PSRC FTA,Kitsap Transit,5805802.200799144,5062659.519096853
2031,PSRC FTA,Kitsap Transit,5950947.255819122,5111863.692748626
2032,PSRC FTA,Kitsap Transit,6099720.9372146,5160363.912883552
2033,PSRC FTA,Kitsap Transit,6252213.960644964,5195589.801295965
2034,PSRC FTA,Kitsap Transit,6408519.309661088,5229351.756683447
2035,PSRC FTA,Kitsap Transit,6568732.292402614,5248417.101629688
2036,PSRC FTA,Kitsap Transit,6732950.599712678,5265167.368975314
2037,PSRC FTA,Kitsap Transit,6901274.364705495,5272573.614634998
2038,PSRC FTA,Kitsap Transit,7073806.223823131,5277059.442972056
2039,PSRC FTA,Kitsap Transit,7250651.379418708,5271223.552837401
2040,PSRC FTA,Kitsap Transit,7431917.663904175,5269229.62370806
2041,PSRC FTA,Kitsap Transit,7617715.605501778,5263841.483401729
2042,PSRC FTA,Kitsap Transit,7808158.495639322,5254890.667565264
2043,PSRC FTA,Kitsap Transit,8003362.458030305,5242202.41000985
2044,PSRC FTA,Kitsap Transit,8203446.519481062,5225595.4329094365
2045,PSRC FTA,Kitsap Transit,8408532.682468088,5221698.795812683
2046,PSRC FTA,Kitsap Transit,8618745.99952979,5214341.329715523
2047,PSRC FTA,Kitsap Transit,8834214.649518033,5212186.6432156395
2048,PSRC FTA,Kitsap Transit,9055070.015755983,5233830.469106958
2049,PSRC FTA,Kitsap Transit,9281446.766149882,5244017.422874683
2050,PSRC FTA,Kitsap Transit,9513482.935303628,5270469.54615821
2019,Non-PSRC FTA,Kitsap Transit,6963000.0,6830703.0
2021,Non-PSRC FTA,Kitsap Transit,1409345.288623269,1341696.714769352
2022,Non-PSRC FTA,Kitsap Transit,1423150.1843037612,1340607.473614143
2023,Non-PSRC FTA,Kitsap Transit,1435160.941917475,1341875.4806928392
2024,Non-PSRC FTA,Kitsap Transit,1446424.1420033644,1340835.179637119
2025,Non-PSRC FTA,Kitsap Transit,1458983.1084708164,1340805.4766846804
2026,Non-PSRC FTA,Kitsap Transit,1473236.538668003,1340645.2501878827
2027,Non-PSRC FTA,Kitsap Transit,1487838.8290448412,1340542.784969402
2028,Non-PSRC FTA,Kitsap Transit,1502291.6079161153,1341546.405869091
2029,Non-PSRC FTA,Kitsap Transit,1518937.2222023406,1341221.5672046668
2030,Non-PSRC FTA,Kitsap Transit,1538373.7179257777,1341461.8820312782
2031,Non-PSRC FTA,Kitsap Transit,1560551.2579179045,1340513.53055148
2032,Non-PSRC FTA,Kitsap Transit,1585918.3766954162,1341686.946684322
2033,Non-PSRC FTA,Kitsap Transit,1613129.470708228,1340510.5901585373
2034,Non-PSRC FTA,Kitsap Transit,1643480.3063379028,1341079.9299717285
2035,Non-PSRC FTA,Kitsap Transit,1677917.7897863514,1340656.3140392948
2036,Non-PSRC FTA,Kitsap Transit,1715146.1546720115,1341244.292953513
2037,Non-PSRC FTA,Kitsap Transit,1755314.9125004478,1341060.593150342
2038,Non-PSRC FTA,Kitsap Transit,1797826.0172494012,1341178.2088680533
2039,Non-PSRC FTA,Kitsap Transit,1844623.118491215,1341041.0071431133
2040,Non-PSRC FTA,Kitsap Transit,1892516.637440505,1341794.295945318
2041,Non-PSRC FTA,Kitsap Transit,1941556.4112657923,1341615.4801846624
2042,Non-PSRC FTA,Kitsap Transit,1993137.8806856826,1341381.7937014645
2043,Non-PSRC FTA,Kitsap Transit,2047011.8598575683,1340792.7682067072
2044,Non-PSRC FTA,Kitsap Transit,2104025.580646317,1340264.294871704
2045,Non-PSRC FTA,Kitsap Transit,2161338.3244461953,1342191.0994810872
2046,Non-PSRC FTA,Kitsap Transit,2217405.139033033,1341530.109114985
2047,Non-PSRC FTA,Kitsap Transit,2271478.4668790055,1340172.2954586132
2048,Non-PSRC FTA,Kitsap Transit,2322212.7044340284,1342238.9431628683
2049,Non-PSRC FTA,Kitsap Transit,2371750.849944532,1340039.2302186603
2050,Non-PSRC FTA,Kitsap Transit,2421189.321117992,1341338.8838993676
2016,State,Kitsap Transit,2774844.0,2930235.264
2017,State,Kitsap Transit,17100.0,17510.4
2018,State,Kitsap Transit,12100000.0,12100000.0
2020,State,Kitsap Transit,649070.0,625054.41
2021,State,Kitsap Transit,3145577.3174390728,2994589.606201997
2022,State,Kitsap Transit,3176389.0475897365,2992158.4828295317
2023,State,Kitsap Transit,3203196.365157643,2994988.601422396
2024,State,Kitsap Transit,3228335.1774827335,2992666.709526494
2025,State,Kitsap Transit,3256366.0655620387,2992600.414251514
2026,State,Kitsap Transit,3288178.8988583907,2992242.797961136
2027,State,Kitsap Transit,3320770.3679347243,2992014.101509187
2028,State,Kitsap Transit,3353028.1359624965,2994254.1254145093
2029,State,Kitsap Transit,3390180.18603586,2993529.1042696643
2030,State,Kitsap Transit,3433561.3223490687,2994065.473088388
2031,State,Kitsap Transit,3483060.311219269,2991948.807337352
2032,State,Kitsap Transit,3539678.2557921503,2994567.804400159
2033,State,Kitsap Transit,3600411.846630643,2991942.244550064
2034,State,Kitsap Transit,3668153.159488962,2993212.9781429926
2035,State,Kitsap Transit,3745015.63434134,2992267.491838731
2036,State,Kitsap Transit,3828107.1954335636,2993579.826829047
2037,State,Kitsap Transit,3917761.5438141953,2993169.819474045
2038,State,Kitsap Transit,4012643.8752889833,2993432.3309655814
2039,State,Kitsap Transit,4117092.3034892483,2993126.1046366836
2040,State,Kitsap Transit,4223987.87271231,2994807.401753028
2041,State,Kitsap Transit,4333441.816641022,2994408.295298946
2042,State,Kitsap Transit,4448568.678395308,2993886.720560042
2043,State,Kitsap Transit,4568812.289560895,2992572.0496623865
2044,State,Kitsap Transit,4696063.622746308,2991392.5276893983
2045,State,Kitsap Transit,4823982.358028848,2995693.0443359143
2046,State,Kitsap Transit,4949120.251240028,2994217.752000217
2047,State,Kitsap Transit,5069808.797137033,2991187.1903108493
2048,State,Kitsap Transit,5183044.686282794,2995799.828671455
2049,State,Kitsap Transit,5293610.96704005,2990890.196377628
2050,State,Kitsap Transit,5403954.780431597,2993790.948359105
2018,Other Federal,Kitsap Transit,190057.0,190057.0
2020,Other Federal,Kitsap Transit,342896.0,330208.848
2021,Other Federal,Kitsap Transit,107872.29636760551,102694.42614196044
2022,Other Federal,Kitsap Transit,108928.9329563755,102611.05484490572
2023,Other Federal,Kitsap Transit,109848.24493433064,102708.10901359915
2024,Other Federal,Kitsap Transit,110710.33832444625,102628.48362676168
2025,Other Federal,Kitsap Transit,111671.61060015038,102626.2101415382
2026,Other Federal,Kitsap Transit,112762.57834162406,102613.9462908779
2027,Other Federal,Kitsap Transit,113880.24809075621,102606.10352977135
2028,Other Federal,Kitsap Transit,114986.4741223205,102682.92139123222
2029,Other Federal,Kitsap Transit,116260.54134488071,102658.05800752966
2030,Other Federal,Kitsap Transit,117748.2246287085,102676.45187623381
2031,Other Federal,Kitsap Transit,119445.70940128123,102603.86437570058
2032,Other Federal,Kitsap Transit,121387.32681530266,102693.67848574604
2033,Other Federal,Kitsap Transit,123470.08341266157,102603.63931592176
2034,Other Federal,Kitsap Transit,125793.15807894651,102647.21699242035
2035,Other Federal,Kitsap Transit,128429.02769208755,102614.79312597796
2036,Other Federal,Kitsap Transit,131278.51336649616,102659.7974526
2037,Other Federal,Kitsap Transit,134353.05881974025,102645.73693828155
2038,Other Federal,Kitsap Transit,137606.88918154823,102654.73932943499
2039,Other Federal,Kitsap Transit,141188.77278030282,102644.23781128015
2040,Other Federal,Kitsap Transit,144854.57697455544,102701.8950749598
2041,Other Federal,Kitsap Transit,148608.11633682865,102688.2083887486
2042,Other Federal,Kitsap Transit,152556.19889775626,102670.32185818997
2043,Other Federal,Kitsap Transit,156679.7517947251,102625.23742554495
2044,Other Federal,Kitsap Transit,161043.62276061997,102584.78769851492
2045,Other Federal,Kitsap Transit,165430.38116165064,102732.26670138504
2046,Other Federal,Kitsap Transit,169721.77524961543,102681.67402601732
2047,Other Federal,Kitsap Transit,173860.5864366748,102577.74599763814
2048,Other Federal,Kitsap Transit,177743.8212647176,102735.92869100677
2049,Other Federal,Kitsap Transit,181535.50635221717,102567.56108900269
2050,Other Federal,Kitsap Transit,185319.56229467143,102667.03751124798
2016,PSRC FHWA,Pierce Transit,373401.0,394311.456
2017,PSRC FHWA,Pierce Transit,375259.0,384265.216
2018,PSRC FHWA,Pierce Transit,380478.0,380478.0
2019,PSRC FHWA,Pierce Transit,426151.0,418054.131
2020,PSRC FHWA,Pierce Transit,438190.0,421976.97
2021,PSRC FHWA,Pierce Transit,408663.19499999995,389047.36163999996
2022,PSRC FHWA,Pierce Transit,418879.7748749999,394584.74793224985
2023,PSRC FHWA,Pierce Transit,429351.76924687484,401443.904245828
2024,PSRC FHWA,Pierce Transit,440085.5634780467,407959.3173441493
2025,PSRC FHWA,Pierce Transit,451087.70256499783,414549.598657233
2026,PSRC FHWA,Pierce Transit,462364.8951291227,420752.0545675017
2027,PSRC FHWA,Pierce Transit,473924.0175073507,427005.539774123
2028,PSRC FHWA,Pierce Transit,485772.11794503446,433794.5013249158
2029,PSRC FHWA,Pierce Transit,497916.4208936603,439660.19964910205
2030,PSRC FHWA,Pierce Transit,510364.3314160017,445037.6969947535
2031,PSRC FHWA,Pierce Transit,523123.4397014017,449363.03470350406
2032,PSRC FHWA,Pierce Transit,536201.5256939367,453626.49073707045
2033,PSRC FHWA,Pierce Transit,549606.5638362851,456723.05454795295
2034,PSRC FHWA,Pierce Transit,563346.7279321923,459690.92999266885
2035,PSRC FHWA,Pierce Transit,577430.396130497,461366.88650826714
2036,PSRC FHWA,Pierce Transit,591866.1560337594,462839.3340183998
2037,PSRC FHWA,Pierce Transit,606662.8099346033,463490.3867900369
2038,PSRC FHWA,Pierce Transit,621829.3801829683,463884.7176164944
2039,PSRC FHWA,Pierce Transit,637375.1146875425,463371.70837784343
2040,PSRC FHWA,Pierce Transit,653309.4925547311,463196.4302213043
2041,PSRC FHWA,Pierce Transit,669642.2298685993,462722.7808392021
2042,PSRC FHWA,Pierce Transit,686383.2856153143,461935.9512191065
2043,PSRC FHWA,Pierce Transit,703542.8677556971,460820.5783799816
2044,PSRC FHWA,Pierce Transit,721131.4394495895,459360.7269293885
2045,PSRC FHWA,Pierce Transit,739159.7254358291,459018.1894956499
2046,PSRC FHWA,Pierce Transit,757638.7185717248,458371.4247358935
2047,PSRC FHWA,Pierce Transit,776579.6865360179,458182.01505625056
2048,PSRC FHWA,Pierce Transit,795994.1786994183,460084.63528826373
2049,PSRC FHWA,Pierce Transit,815894.0331669037,460980.12873930053
2050,PSRC FHWA,Pierce Transit,836291.3839960762,463305.4267338262
2016,PSRC FTA,Pierce Transit,7999060.0,8447007.360000001
2017,PSRC FTA,Pierce Transit,7984252.0,8175874.048
2018,PSRC FTA,Pierce Transit,7952502.0,7952502.0
2019,PSRC FTA,Pierce Transit,9581992.0,9399934.152
2020,PSRC FTA,Pierce Transit,8351312.0,8042313.455999999
2021,PSRC FTA,Pierce Transit,8583169.19,8171177.068879999
2022,PSRC FTA,Pierce Transit,8797748.41975,8287479.011404499
2023,PSRC FTA,Pierce Transit,9017692.130243748,8431542.141777905
2024,PSRC FTA,Pierce Transit,9243134.433499841,8568385.619854353
2025,PSRC FTA,Pierce Transit,9474212.794337336,8706801.557996012
2026,PSRC FTA,Pierce Transit,9711068.114195768,8837071.983918149
2027,PSRC FTA,Pierce Transit,9953844.817050662,8968414.180162646
2028,PSRC FTA,Pierce Transit,10202690.937476927,9111003.007166896
2029,PSRC FTA,Pierce Transit,10457758.21091385,9234200.50023693
2030,PSRC FTA,Pierce Transit,10719202.166186696,9347144.2889148
2031,PSRC FTA,Pierce Transit,10987182.220341362,9437989.52727323
2032,PSRC FTA,Pierce Transit,11261861.775849896,9527535.062369011
2033,PSRC FTA,Pierce Transit,11543408.320246141,9592572.314124543
2034,PSRC FTA,Pierce Transit,11831993.528252294,9654906.719053872
2035,PSRC FTA,Pierce Transit,12127793.3664586,9690106.899800422
2036,PSRC FTA,Pierce Transit,12430988.200620065,9721032.77288489
2037,PSRC FTA,Pierce Transit,12741762.905635566,9734706.859905573
2038,PSRC FTA,Pierce Transit,13060306.978276454,9742989.005794235
2039,PSRC FTA,Pierce Transit,13386814.652733363,9732214.252537156
2040,PSRC FTA,Pierce Transit,13721485.019051695,9728532.878507651
2041,PSRC FTA,Pierce Transit,14064522.144527987,9718584.801868837
2042,PSRC FTA,Pierce Transit,14416135.198141186,9702058.988349019
2043,PSRC FTA,Pierce Transit,14776538.578094713,9678632.768652037
2044,PSRC FTA,Pierce Transit,15145952.04254708,9647971.451102491
2045,PSRC FTA,Pierce Transit,15524600.843610756,9640777.123882279
2046,PSRC FTA,Pierce Transit,15912715.864701023,9627193.09814412
2047,PSRC FTA,Pierce Transit,16310533.761318548,9623214.919177942
2048,PSRC FTA,Pierce Transit,16718297.10535151,9663175.726893172
2049,PSRC FTA,Pierce Transit,17136254.532985296,9681983.81113669
2050,PSRC FTA,Pierce Transit,17564660.896309927,9730822.1365557
2018,Non-PSRC FTA,Pierce Transit,1664894.0,1664894.0
2019,Non-PSRC FTA,Pierce Transit,4131710.0,4053207.51
2021,Non-PSRC FTA,Pierce Transit,1173261.0279211255,1116944.4985809114
2022,Non-PSRC FTA,Pierce Transit,1184753.4182013387,1116037.719945661
2023,Non-PSRC FTA,Pierce Transit,1194752.21263286,1117093.3188117242
2024,Non-PSRC FTA,Pierce Transit,1204128.6754607598,1116227.2821521244
2025,Non-PSRC FTA,Pierce Transit,1214583.846401604,1116202.554843074
2026,Non-PSRC FTA,Pierce Transit,1226449.6356439898,1116069.1684360306
2027,Non-PSRC FTA,Pierce Transit,1238605.8463013994,1115983.867517561
2028,Non-PSRC FTA,Pierce Transit,1250637.5906380853,1116819.3684398101
2029,Non-PSRC FTA,Pierce Transit,1264494.8410120606,1116548.9446136495
2030,Non-PSRC FTA,Pierce Transit,1280675.4627062238,1116749.0034798272
2031,Non-PSRC FTA,Pierce Transit,1299137.9669469998,1115959.5136074729
2032,Non-PSRC FTA,Pierce Transit,1320255.7526965616,1116936.366781291
2033,Non-PSRC FTA,Pierce Transit,1342908.62306839,1115957.0657698319
2034,Non-PSRC FTA,Pierce Transit,1368175.2861754294,1116431.0335191502
2035,Non-PSRC FTA,Pierce Transit,1396844.0287156005,1116078.3789437648
2036,Non-PSRC FTA,Pierce Transit,1427836.1425759592,1116567.8634944002
2037,Non-PSRC FTA,Pierce Transit,1461276.0940772295,1116414.9358750035
2038,Non-PSRC FTA,Pierce Transit,1496666.0179365145,1116512.8493806398
2039,Non-PSRC FTA,Pierce Transit,1535623.9763232302,1116398.6307869884
2040,Non-PSRC FTA,Pierce Transit,1575494.6877285915,1117025.7335995713
2041,Non-PSRC FTA,Pierce Transit,1616319.6409261725,1116876.871879985
2042,Non-PSRC FTA,Pierce Transit,1659260.521576067,1116682.331020693
2043,Non-PSRC FTA,Pierce Transit,1704109.8858104013,1116191.9752058128
2044,Non-PSRC FTA,Pierce Transit,1751573.0427799465,1115752.0282508258
2045,Non-PSRC FTA,Pierce Transit,1799285.1323909403,1117356.067214774
2046,Non-PSRC FTA,Pierce Transit,1845960.0026625649,1116805.8016108517
2047,Non-PSRC FTA,Pierce Transit,1890975.3219911985,1115675.439974807
2048,Non-PSRC FTA,Pierce Transit,1933210.8934903217,1117395.8964374058
2049,Non-PSRC FTA,Pierce Transit,1974450.7344236504,1115564.6649493624
2050,Non-PSRC FTA,Pierce Transit,2015607.5978098293,1116646.6091866456
1989,Sales & Use Tax,Community Transit,8087999.999999999,18505343.999999996
1990,Sales & Use Tax,Community Transit,15068000.0,32471539.999999996
1991,Sales & Use Tax,Community Transit,18341000.0,36975456.0
1992,Sales & Use Tax,Community Transit,19964000.0,38790052.0
1993,Sales & Use Tax,Community Transit,21063000.0,39830133.0
1994,Sales & Use Tax,Community Transit,21464000.0,39300584.0
1995,Sales & Use Tax,Community Transit,22534202.0,39975674.348
1996,Sales & Use Tax,Community Transit,23236800.0,40013769.6
1997,Sales & Use Tax,Community Transit,26518080.0,43993494.72
1998,Sales & Use Tax,Community Transit,27118203.0,43714543.236
1999,Sales & Use Tax,Community Transit,30007905.0,46842339.705
2000,Sales & Use Tax,Community Transit,32834000.000000004,49513672.00000001
2001,Sales & Use Tax,Community Transit,34350000.0,49910550.0
2002,Sales & Use Tax,Community Transit,51600000.0,73426800.0
2003,Sales & Use Tax,Community Transit,53080000.0,74418160.0
2004,Sales & Use Tax,Community Transit,57810000.0,79835610.0
2005,Sales & Use Tax,Community Transit,65047000.0,87293074.0
2006,Sales & Use Tax,Community Transit,70784000.0,91665280.0
2007,Sales & Use Tax,Community Transit,76919000.0,95994912.0
2008,Sales & Use Tax,Community Transit,69185000.0,82537705.0
2009,Sales & Use Tax,Community Transit,62185000.0,73875780.0
2010,Sales & Use Tax,Community Transit,62634000.0,74471826.0
2011,Sales & Use Tax,Community Transit,63710000.0,73839890.0
2012,Sales & Use Tax,Community Transit,67480000.0,76049960.0
2013,Sales & Use Tax,Community Transit,74780000.0,83230140.0
2014,Sales & Use Tax,Community Transit,79550000.0,86629950.0
2015,Sales & Use Tax,Community Transit,84461000.0,91048958.0
2016,Sales & Use Tax,Community Transit,115768000.0,122251008.0
2017,Sales & Use Tax,Community Transit,131303000.0,134454272.0
2018,Sales & Use Tax,Community Transit,141941000.0,141941000.0
2019,Sales & Use Tax,Community Transit,127937822.38272,125507003.75744832
2020,Sales & Use Tax,Community Transit,134316383.59295997,129346677.40002045
2021,Sales & Use Tax,Community Transit,143644106.07648,136749188.98480895
2022,Sales & Use Tax,Community Transit,147491440.17696,138936936.6466963
2023,Sales & Use Tax,Community Transit,151747706.32128,141884105.4103968
2024,Sales & Use Tax,Community Transit,159720063.3216,148060498.6991232
2025,Sales & Use Tax,Community Transit,164849660.85599998,151496838.32666397
2026,Sales & Use Tax,Community Transit,169194801.30047998,153967269.18343678
2027,Sales & Use Tax,Community Transit,176970715.33536,159450614.51715934
2028,Sales & Use Tax,Community Transit,183046059.6912,163460131.3042416
2029,Sales & Use Tax,Community Transit,187401194.89056,165475255.08836448
2030,Sales & Use Tax,Community Transit,194594609.54304,169686499.5215309
2031,Sales & Use Tax,Community Transit,201744516.8736,173298539.9944224
2032,Sales & Use Tax,Community Transit,207059571.31967998,175172397.33644927
2033,Sales & Use Tax,Community Transit,213171000.65856,177145101.54726335
2034,Sales & Use Tax,Community Transit,219782414.96064,179342450.60788223
2035,Sales & Use Tax,Community Transit,225782413.25184,180400148.18822017
2036,Sales & Use Tax,Community Transit,232630120.08288002,181916753.9048122
2037,Sales & Use Tax,Community Transit,240639957.18432,183848927.28882048
2038,Sales & Use Tax,Community Transit,248123982.26591998,185100490.7703763
2039,Sales & Use Tax,Community Transit,254881079.58528,185298544.85849854
2040,Sales & Use Tax,Community Transit,261372830.10623997,185313336.54532415
2041,Sales & Use Tax,Community Transit,267369035.50367996,184752003.53304285
2042,Sales & Use Tax,Community Transit,273784730.12351996,184257123.37312895
2043,Sales & Use Tax,Community Transit,280356849.76896,183633736.5986688
2044,Sales & Use Tax,Community Transit,286784029.80864,182681426.9881037
2045,Sales & Use Tax,Community Transit,293255467.848,182111645.533608
2046,Sales & Use Tax,Community Transit,299021174.91648,180907810.8244704
2047,Sales & Use Tax,Community Transit,304493961.14208,179651437.0738272
2048,Sales & Use Tax,Community Transit,309302635.33151996,178776923.22161853
2049,Sales & Use Tax,Community Transit,313207449.31584,176962208.86344957
2050,Sales & Use Tax,Community Transit,316991498.89247996,175613290.3864339
1989,Sales & Use Tax,Everett Transit,4177000.0,9556976.0
1990,Sales & Use Tax,Everett Transit,4513000.0,9725515.0
1991,Sales & Use Tax,Everett Transit,4581000.0,9235296.0
1992,Sales & Use Tax,Everett Transit,5882000.0,11428726.0
1993,Sales & Use Tax,Everett Transit,6240000.0,11799840.0
1994,Sales & Use Tax,Everett Transit,5496000.0,10063176.0
1995,Sales & Use Tax,Everett Transit,5326884.0,9449892.216
1996,Sales & Use Tax,Everett Transit,5448900.0,9383005.8
1997,Sales & Use Tax,Everett Transit,6383101.0,10589564.559
1998,Sales & Use Tax,Everett Transit,6516763.0,10505021.956
1999,Sales & Use Tax,Everett Transit,7095269.0,11075714.909
2000,Sales & Use Tax,Everett Transit,7140000.0,10767120.0
2001,Sales & Use Tax,Everett Transit,6670000.0,9691510.0
2002,Sales & Use Tax,Everett Transit,6800000.0,9676400.0
2003,Sales & Use Tax,Everett Transit,6870000.0,9631740.0
2004,Sales & Use Tax,Everett Transit,6680000.0,9225080.0
2005,Sales & Use Tax,Everett Transit,13193000.0,17705006.0
2006,Sales & Use Tax,Everett Transit,14590000.0,18894050.0
2007,Sales & Use Tax,Everett Transit,18769000.0,23423712.0
2008,Sales & Use Tax,Everett Transit,17352000.0,20700936.0
2009,Sales & Use Tax,Everett Transit,14148000.0,16807824.0
2010,Sales & Use Tax,Everett Transit,15651000.0,18609039.0
2011,Sales & Use Tax,Everett Transit,14920000.0,17292280.0
2012,Sales & Use Tax,Everett Transit,15740000.0,17738980.0
2013,Sales & Use Tax,Everett Transit,16379999.999999998,18230939.999999996
2014,Sales & Use Tax,Everett Transit,17320000.0,18861480.0
2015,Sales & Use Tax,Everett Transit,18327000.0,19756506.0
2016,Sales & Use Tax,Everett Transit,18960000.0,20021760.0
2017,Sales & Use Tax,Everett Transit,19553000.0,20022272.0
2018,Sales & Use Tax,Everett Transit,20170000.0,20170000.0
2019,Sales & Use Tax,Everett Transit,11121031.974359998,10909732.366847157
2020,Sales & Use Tax,Everett Transit,11675490.240479998,11243497.101582238
2021,Sales & Use Tax,Everett Transit,12486305.19774,11886962.54824848
2022,Sales & Use Tax,Everett Transit,12820735.81998,12077133.142421158
2023,Sales & Use Tax,Everett Transit,13190712.97764,12333316.6340934
2024,Sales & Use Tax,Everett Transit,13883712.400799999,12870201.395541599
2025,Sales & Use Tax,Everett Transit,14329604.1405,13168906.2051195
2026,Sales & Use Tax,Everett Transit,14707306.72224,13383649.1172384
2027,Sales & Use Tax,Everett Transit,15383230.284179999,13860290.486046178
2028,Sales & Use Tax,Everett Transit,15911331.338100001,14208818.884923302
2029,Sales & Use Tax,Everett Transit,16289902.716780001,14383984.098916741
2030,Sales & Use Tax,Everett Transit,16915192.35252,14750047.73139744
2031,Sales & Use Tax,Everett Transit,17536700.101800002,15064025.387446202
2032,Sales & Use Tax,Everett Transit,17998712.73684,15226910.975366639
2033,Sales & Use Tax,Everett Transit,18529950.488280002,15398388.85576068
2034,Sales & Use Tax,Everett Transit,19104649.57632,15589394.054277118
2035,Sales & Use Tax,Everett Transit,19626201.151920002,15681334.720384082
2036,Sales & Use Tax,Everett Transit,20221440.035940003,15813166.108105082
2037,Sales & Use Tax,Everett Transit,20917697.42766,15981120.83473224
2038,Sales & Use Tax,Everett Transit,21568248.45846,16089913.350011159
2039,Sales & Use Tax,Everett Transit,22155611.08464,16107129.25853328
2040,Sales & Use Tax,Everett Transit,22719908.36412,16108415.030161079
2041,Sales & Use Tax,Everett Transit,23241130.241339996,16059620.996765936
2042,Sales & Use Tax,Everett Transit,23798816.339759998,16016603.39665848
2043,Sales & Use Tax,Everett Transit,24370099.72848,15962415.3221544
2044,Sales & Use Tax,Everett Transit,24928784.20032,15879635.535603842
2045,Sales & Use Tax,Everett Transit,25491315.811499998,15830107.118941499
2046,Sales & Use Tax,Everett Transit,25992501.555239998,15725463.440920198
2047,Sales & Use Tax,Everett Transit,26468225.07054,15616252.791618599
2048,Sales & Use Tax,Everett Transit,26886220.45626,15540235.42371828
2049,Sales & Use Tax,Everett Transit,27225647.53392,15382490.8566648
2050,Sales & Use Tax,Everett Transit,27554577.130739998,15265235.73042996
1989,Sales & Use Tax,King County Metro,120856000.0,276518528.0
1990,Sales & Use Tax,King County Metro,135133000.0,291211615.0
1991,Sales & Use Tax,King County Metro,136522000.0,275228352.0
1992,Sales & Use Tax,King County Metro,140247000.0,272499921.0
1993,Sales & Use Tax,King County Metro,149685000.0,283054335.0
1994,Sales & Use Tax,King County Metro,152141000.0,278570171.0
1995,Sales & Use Tax,King County Metro,161998000.0,287384452.0
1996,Sales & Use Tax,King County Metro,172073500.0,296310567.0
1997,Sales & Use Tax,King County Metro,187460715.0,310997326.185
1998,Sales & Use Tax,King County Metro,202031721.0,325675134.25200003
1999,Sales & Use Tax,King County Metro,217710548.0,339846165.428
2000,Sales & Use Tax,King County Metro,239234000.0,360764872.0
2001,Sales & Use Tax,King County Metro,287840000.0,418231520.0
2002,Sales & Use Tax,King County Metro,297140000.0,422830220.0
2003,Sales & Use Tax,King County Metro,309630000.0,434101260.0
2004,Sales & Use Tax,King County Metro,285616052.29999995,394435768.22629994
2005,Sales & Use Tax,King County Metro,335521000.0,450269182.0
2006,Sales & Use Tax,King County Metro,364356000.0,471841020.0
2007,Sales & Use Tax,King County Metro,429262000.0,535718976.0
2008,Sales & Use Tax,King County Metro,445428000.0,531395604.0
2009,Sales & Use Tax,King County Metro,382354000.0,454236552.0
2010,Sales & Use Tax,King County Metro,373093000.0,443607577.0
2011,Sales & Use Tax,King County Metro,397580000.0,460795220.0
2012,Sales & Use Tax,King County Metro,399500000.0,450236500.0
2013,Sales & Use Tax,King County Metro,437140000.0,486536820.0
2014,Sales & Use Tax,King County Metro,473790000.0,515957310.0
2015,Sales & Use Tax,King County Metro,521141000.0,561789998.0
2016,Sales & Use Tax,King County Metro,567127000.0,598886112.0
2017,Sales & Use Tax,King County Metro,591088000.0,605274112.0
2018,Sales & Use Tax,King County Metro,652299000.0,652299000.0
2019,Sales & Use Tax,King County Metro,517688103.05999994,507852029.1018599
2020,Sales & Use Tax,King County Metro,527349211.46999997,507837290.64561
2021,Sales & Use Tax,King County Metro,550681343.8199999,524248639.3166399
2022,Sales & Use Tax,King County Metro,552848128.4699999,520782937.0187399
2023,Sales & Use Tax,King County Metro,556759547.91,520570177.29585
2024,Sales & Use Tax,King County Metro,575499425.67,533487967.59608996
2025,Sales & Use Tax,King County Metro,583513114.9499999,536248552.63904995
2026,Sales & Use Tax,King County Metro,589306721.4,536269116.474
2027,Sales & Use Tax,King County Metro,608075975.7900001,547876454.1867901
2028,Sales & Use Tax,King County Metro,621520553.3399999,555017854.13262
2029,Sales & Use Tax,King County Metro,629299658.6099999,555671598.55263
2030,Sales & Use Tax,King County Metro,647662339.62,564761560.14864
2031,Sales & Use Tax,King County Metro,667322506.7099999,573230033.2638899
2032,Sales & Use Tax,King County Metro,681289671.87,576371062.40202
2033,Sales & Use Tax,King County Metro,699114660.93,580964283.2328299
2034,Sales & Use Tax,King County Metro,719786724.5699999,587345967.2491199
2035,Sales & Use Tax,King County Metro,739462655.16,590830661.47284
2036,Sales & Use Tax,King County Metro,763532662.2299999,597082541.8638599
2037,Sales & Use Tax,King County Metro,793033029.18,605877234.29352
2038,Sales & Use Tax,King County Metro,822302009.64,613437299.19144
2039,Sales & Use Tax,King County Metro,850756609.53,618500055.12831
2040,Sales & Use Tax,King County Metro,880074477.0899999,623972804.25681
2041,Sales & Use Tax,King County Metro,909648770.4,628567300.3463999
2042,Sales & Use Tax,King County Metro,942675419.6999999,634420557.4581
2043,Sales & Use Tax,King County Metro,978601170.5999999,640983766.7429999
2044,Sales & Use Tax,King County Metro,1016162852.4,647295736.9787999
2045,Sales & Use Tax,King County Metro,1056303195.3,655964284.2813
2046,Sales & Use Tax,King County Metro,1096649868.6,663473170.5029999
2047,Sales & Use Tax,King County Metro,1137841766.1,671326641.999
2048,Sales & Use Tax,King County Metro,1178737993.8,681310560.4164
2049,Sales & Use Tax,King County Metro,1217743475.3999999,688025063.6009998
2050,Sales & Use Tax,King County Metro,1258630952.3999999,697281547.6295999
1989,Sales & Use Tax,Kitsap Transit,3190000.0,7298719.999999999
1990,Sales & Use Tax,Kitsap Transit,4093000.0,8820415.0
1991,Sales & Use Tax,Kitsap Transit,4274000.0,8616384.0
1992,Sales & Use Tax,Kitsap Transit,4671000.0,9075753.0
1993,Sales & Use Tax,Kitsap Transit,6475000.0,12244225.0
1994,Sales & Use Tax,Kitsap Transit,9749000.0,17850419.0
1995,Sales & Use Tax,Kitsap Transit,9195000.0,16311930.0
1996,Sales & Use Tax,Kitsap Transit,9614500.0,16556169.0
1997,Sales & Use Tax,Kitsap Transit,10023688.0,16629298.392
1998,Sales & Use Tax,Kitsap Transit,10907509.0,17582904.508
1999,Sales & Use Tax,Kitsap Transit,14259185.0,22258587.785
2000,Sales & Use Tax,Kitsap Transit,14326000.0,21603608.0
2001,Sales & Use Tax,Kitsap Transit,15330000.0,22274490.0
2002,Sales & Use Tax,Kitsap Transit,22250000.0,31661750.0
2003,Sales & Use Tax,Kitsap Transit,24000000.0,33648000.0
2004,Sales & Use Tax,Kitsap Transit,25310000.0,34953110.0
2005,Sales & Use Tax,Kitsap Transit,26928000.0,36137376.0
2006,Sales & Use Tax,Kitsap Transit,29188000.0,37798460.0
2007,Sales & Use Tax,Kitsap Transit,30149000.0,37625952.0
2008,Sales & Use Tax,Kitsap Transit,28382000.0,33859726.0
2009,Sales & Use Tax,Kitsap Transit,25934000.0,30809592.0
2010,Sales & Use Tax,Kitsap Transit,25758000.0,30626262.0
2011,Sales & Use Tax,Kitsap Transit,25940000.0,30064460.0
2012,Sales & Use Tax,Kitsap Transit,26650000.0,30034550.0
2013,Sales & Use Tax,Kitsap Transit,27540000.0,30652020.0
2014,Sales & Use Tax,Kitsap Transit,29330000.0,31940370.0
2015,Sales & Use Tax,Kitsap Transit,31974000.0,34467972.0
2016,Sales & Use Tax,Kitsap Transit,34580000.0,36516480.0
2017,Sales & Use Tax,Kitsap Transit,47845000.0,48993280.0
2018,Sales & Use Tax,Kitsap Transit,41743000.0,41743000.0
2019,Sales & Use Tax,Kitsap Transit,33704993.696,33064598.815776
2020,Sales & Use Tax,Kitsap Transit,35561134.448,34245372.473423995
2021,Sales & Use Tax,Kitsap Transit,38933383.392,37064580.98918399
2022,Sales & Use Tax,Kitsap Transit,40861267.496,38491313.981231995
2023,Sales & Use Tax,Kitsap Transit,42190195.232,39447832.54192001
2024,Sales & Use Tax,Kitsap Transit,44303846.424,41069665.635048
2025,Sales & Use Tax,Kitsap Transit,45380064.664000005,41704279.42621601
2026,Sales & Use Tax,Kitsap Transit,46064500.704,41918695.640640005
2027,Sales & Use Tax,Kitsap Transit,47675607.904,42955722.721504
2028,Sales & Use Tax,Kitsap Transit,49038183.392000005,43791097.76905601
2029,Sales & Use Tax,Kitsap Transit,49941460.256000005,44098309.40604801
2030,Sales & Use Tax,Kitsap Transit,51516543.288,44922425.747136004
2031,Sales & Use Tax,Kitsap Transit,53355279.248,45832184.874032006
2032,Sales & Use Tax,Kitsap Transit,54694477.448,46271527.921008
2033,Sales & Use Tax,Kitsap Transit,56375256.176,46847837.882255994
2034,Sales & Use Tax,Kitsap Transit,58353239.304,47616243.27206399
2035,Sales & Use Tax,Kitsap Transit,60167032.072000004,48073458.62552801
2036,Sales & Use Tax,Kitsap Transit,62278123.392000005,48701492.492544
2037,Sales & Use Tax,Kitsap Transit,64725262.656,49450100.66918401
2038,Sales & Use Tax,Kitsap Transit,67178352.888,50115051.254448
2039,Sales & Use Tax,Kitsap Transit,69517210.136,50539011.768872
2040,Sales & Use Tax,Kitsap Transit,71875517.624,50959741.99541599
2041,Sales & Use Tax,Kitsap Transit,74161771.2,51245783.8992
2042,Sales & Use Tax,Kitsap Transit,76517382.68800001,51496198.54902401
2043,Sales & Use Tax,Kitsap Transit,79039578.77600001,51770924.098280005
2044,Sales & Use Tax,Kitsap Transit,81543352.72,51943115.68264
2045,Sales & Use Tax,Kitsap Transit,84018880.08,52175724.52968
2046,Sales & Use Tax,Kitsap Transit,86264373.2,52189945.786
2047,Sales & Use Tax,Kitsap Transit,88159550.0,52014134.5
2048,Sales & Use Tax,Kitsap Transit,89760428.72,51881527.80016
2049,Sales & Use Tax,Kitsap Transit,90944515.76,51383651.4044
2050,Sales & Use Tax,Kitsap Transit,91943432.08,50936661.372320004
1989,Sales & Use Tax,Pierce Transit,13514000.0,30920031.999999996
1990,Sales & Use Tax,Pierce Transit,14250000.0,30708749.999999996
1991,Sales & Use Tax,Pierce Transit,15084000.0,30409344.0
1992,Sales & Use Tax,Pierce Transit,16074000.000000002,31231782.000000004
1993,Sales & Use Tax,Pierce Transit,17839000.0,33733549.0
1994,Sales & Use Tax,Pierce Transit,18583000.0,34025473.0
1995,Sales & Use Tax,Pierce Transit,19026649.0,33753275.326
1996,Sales & Use Tax,Pierce Transit,19391100.0,33391474.2
1997,Sales & Use Tax,Pierce Transit,20655289.0,34267124.451
1998,Sales & Use Tax,Pierce Transit,22550155.0,36350849.86
1999,Sales & Use Tax,Pierce Transit,24218060.0,37804391.66
2000,Sales & Use Tax,Pierce Transit,25789000.0,38889812.0
2001,Sales & Use Tax,Pierce Transit,16446586.52,23896890.21356
2002,Sales & Use Tax,Pierce Transit,41140000.0,58542220.0
2003,Sales & Use Tax,Pierce Transit,58190000.0,81582380.0
2004,Sales & Use Tax,Pierce Transit,61770000.0,85304370.0
2005,Sales & Use Tax,Pierce Transit,69126000.0,92767092.0
2006,Sales & Use Tax,Pierce Transit,74593000.0,96597935.0
2007,Sales & Use Tax,Pierce Transit,77157000.0,96291936.0
2008,Sales & Use Tax,Pierce Transit,71752000.0,85600136.0
2009,Sales & Use Tax,Pierce Transit,63335000.0,75241980.0
2010,Sales & Use Tax,Pierce Transit,65339000.0,77688071.0
2011,Sales & Use Tax,Pierce Transit,64510000.00000001,74767090.00000001
2012,Sales & Use Tax,Pierce Transit,65190000.0,73469130.0
2013,Sales & Use Tax,Pierce Transit,62590000.0,69662670.0
2014,Sales & Use Tax,Pierce Transit,65769999.99999999,71623529.99999999
2015,Sales & Use Tax,Pierce Transit,70914000.0,76445292.0
2016,Sales & Use Tax,Pierce Transit,76178000.0,80443968.0
2017,Sales & Use Tax,Pierce Transit,80982000.0,82925568.0
2018,Sales & Use Tax,Pierce Transit,86801000.0,86801000.0
2019,Sales & Use Tax,Pierce Transit,64641732.44099999,63413539.524620995
2020,Sales & Use Tax,Pierce Transit,68039569.65,65522105.572950006
2021,Sales & Use Tax,Pierce Transit,72234386.133,68767135.598616
2022,Sales & Use Tax,Pierce Transit,74879205.258,70536211.353036
2023,Sales & Use Tax,Pierce Transit,77646408.177,72599391.64549501
2024,Sales & Use Tax,Pierce Transit,81556953.66000001,75603296.04282002
2025,Sales & Use Tax,Pierce Transit,84766151.652,77900093.368188
2026,Sales & Use Tax,Pierce Transit,87883063.008,79973587.33728
2027,Sales & Use Tax,Pierce Transit,92102968.464,82984774.58606401
2028,Sales & Use Tax,Pierce Transit,95930346.56400001,85665799.481652
2029,Sales & Use Tax,Pierce Transit,99337552.704,87715059.037632
2030,Sales & Use Tax,Pierce Transit,103672695.633,90402590.591976
2031,Sales & Use Tax,Pierce Transit,108143396.43900001,92895177.54110101
2032,Sales & Use Tax,Pierce Transit,112154481.77700001,94882691.583342
2033,Sales & Use Tax,Pierce Transit,116500046.988,96811539.047028
2034,Sales & Use Tax,Pierce Transit,121104389.32800001,98821181.691648
2035,Sales & Use Tax,Pierce Transit,125624203.224,100373738.37597601
2036,Sales & Use Tax,Pierce Transit,130559326.95000002,102097393.67490003
2037,Sales & Use Tax,Pierce Transit,136021004.106,103920047.136984
2038,Sales & Use Tax,Pierce Transit,141449856.561,105521592.99450599
2039,Sales & Use Tax,Pierce Transit,146800041.453,106723630.136331
2040,Sales & Use Tax,Pierce Transit,152200431.474,107910105.915066
2041,Sales & Use Tax,Pierce Transit,157609826.751,108908390.28494099
2042,Sales & Use Tax,Pierce Transit,163345960.791,109931831.61234301
2043,Sales & Use Tax,Pierce Transit,169334862.333,110914334.828115
2044,Sales & Use Tax,Pierce Transit,175473945.777,111776903.459949
2045,Sales & Use Tax,Pierce Transit,181862019.261,112936313.961081
2046,Sales & Use Tax,Pierce Transit,188306156.57100004,113925224.72545502
2047,Sales & Use Tax,Pierce Transit,194897201.694,114989348.99946
2048,Sales & Use Tax,Pierce Transit,201522969.57000002,116480276.41146
2049,Sales & Use Tax,Pierce Transit,208063068.99300003,117555633.98104501
2050,Sales & Use Tax,Pierce Transit,214898534.136,119053787.91134402
1989,MVET,Community Transit,8087999.999999999,18505343.999999996
1989,MVET,King County Metro,52057000.0,119106415.99999999
1989,MVET,Kitsap Transit,3151000.0,7209487.999999999
1989,MVET,Pierce Transit,11386000.0,26051167.999999996
1990,MVET,Community Transit,9743000.0,20996164.999999996
1990,MVET,King County Metro,59018000.0,127183789.99999999
1990,MVET,Kitsap Transit,3832000.0,8257959.999999999
1990,MVET,Pierce Transit,13370000.0,28812349.999999996
1991,MVET,Community Transit,10955000.0,22085280.0
1991,MVET,King County Metro,62199000.0,125393184.0
1991,MVET,Kitsap Transit,4080000.0,8225280.0
1991,MVET,Pierce Transit,13953000.0,28129248.0
1992,MVET,Community Transit,11725000.0,22781675.0
1992,MVET,King County Metro,66528000.00000001,129263904.00000001
1992,MVET,Kitsap Transit,4699000.0,9130157.0
1992,MVET,Pierce Transit,14237000.0,27662491.0
1993,MVET,Community Transit,11359000.0,21479869.0
1993,MVET,King County Metro,64958000.0,122835578.0
1993,MVET,Kitsap Transit,4694000.0,8876354.0
1993,MVET,Pierce Transit,17265000.0,32648115.0
1994,MVET,Community Transit,11931000.0,21845661.0
1994,MVET,King County Metro,70912000.0,129839872.0
1994,MVET,Kitsap Transit,5155000.0,9438805.0
1994,MVET,Pierce Transit,18743000.0,34318433.0
1995,MVET,Community Transit,13046911.0,23145220.114
1995,MVET,King County Metro,74947000.0,132955978.0
1995,MVET,Kitsap Transit,5464562.0,9694132.988
1995,MVET,Pierce Transit,19509840.0,34610456.160000004
1996,MVET,Community Transit,13697300.0,23586750.6
1996,MVET,King County Metro,79422800.0,136766061.6
1996,MVET,Kitsap Transit,5540400.0,9540568.8
1996,MVET,Pierce Transit,20155500.0,34707771.0
1997,MVET,Community Transit,15553689.0,25803570.051
1997,MVET,King County Metro,85017652.0,141044284.668
1997,MVET,Kitsap Transit,5797762.0,9618487.158
1997,MVET,Pierce Transit,20918075.0,34703086.425
1998,MVET,Community Transit,16973134.0,27360692.008
1998,MVET,King County Metro,94340609.0,152077061.708
1998,MVET,Kitsap Transit,7563206.0,12191888.072
1998,MVET,Pierce Transit,23099360.0,37236168.32
1999,MVET,Community Transit,18835958.0,29402930.437999997
1999,MVET,Everett Transit,278417.0,434608.937
1999,MVET,King County Metro,98155447.0,153220652.767
1999,MVET,Kitsap Transit,7895768.0,12325293.848
1999,MVET,Pierce Transit,22609654.0,35293669.894
2000,MVET,Community Transit,8679000.0,13087932.0
2000,MVET,Everett Transit,193000.0,291044.0
2000,MVET,King County Metro,46731000.0,70470348.0
2000,MVET,Kitsap Transit,54000.0,81432.0
2000,MVET,Pierce Transit,297000.0,447876.0
